6cbc99e731470dc91b486abf782b3791859f95dfa54f5083e823336e06707600	E2E_ATTR_AUTH_v1/prefreeze/final_prescience_build/AGENTDOJO_V1_RETAINED_SOURCE_SHA256.tsv
e845e77fc55487272edaa36d2b76a4cf89c3cf26116f358fa8d956b09f9d94d4	E2E_ATTR_AUTH_v1/prefreeze/final_prescience_build/ANALYSIS_SELFTEST.json
1704c464bb4ebe360ae066059a7375e11fc972a475ec8ed13124e8f90b6aeb25	E2E_ATTR_AUTH_v1/prefreeze/final_prescience_build/ANALYSIS_SELFTEST_PATCH1.json
7163f61fb5d3279bf0a8685a76cbb7f0bfa11190a652227af19b8bc1f9c96f5a	E2E_ATTR_AUTH_v1/prefreeze/final_prescience_build/ATTRIGUARD_EXTERNAL_OUTPUT_TOOLS.json
c0b0d8a5214940dd14071e86751afacfc4d5e3ecd95b07561a0d65bcd3d28e23	E2E_ATTR_AUTH_v1/prefreeze/final_prescience_build/CONTEXT_PAIR_DIFF_REPORT.json
5b73e5c07cc70faf9c7718097d61b8f38d61741e4b90b27cc35ab90570f2f492	E2E_ATTR_AUTH_v1/prefreeze/final_prescience_build/CONTEXT_RENDERED.jsonl
39e7cda06f0fecc6599f10b5257d9a5db1bda86f648aa0946460dee13fad846d	E2E_ATTR_AUTH_v1/prefreeze/final_prescience_build/DEV_AUDITPATH_PREFLIGHT/None-None-attriguard/workspace/user_task_8/none/none.json
7a08685fee12f9c84c2166fce00ab9b48c2eb3eb96ce2c436476477ad839b52b	E2E_ATTR_AUTH_v1/prefreeze/final_prescience_build/DEV_AUDITPATH_PREFLIGHT.json
512bd022b010de4c0331ced5e53a9e2eae479b05db485791c2df52c7fb0abc78	E2E_ATTR_AUTH_v1/prefreeze/final_prescience_build/DEV_LIVE_PREFLIGHT/OFF/None-None-nodefense/workspace/user_task_0/none/none.json
d018e95e62c1fd02f5e26f5390643663a016a7e866579a8ffc849332b95bce33	E2E_ATTR_AUTH_v1/prefreeze/final_prescience_build/DEV_LIVE_PREFLIGHT/ON/None-None-attriguard/workspace/user_task_0/none/none.json
40a6cf52598dd8f60928546800beb79a395942e945e476da51e42063112d645e	E2E_ATTR_AUTH_v1/prefreeze/final_prescience_build/DEV_LIVE_PREFLIGHT.json
5fb89a43a8fd9bc5cc931f93d503a40382631a0145ff655e35abe088ff9c66c3	E2E_ATTR_AUTH_v1/prefreeze/final_prescience_build/ENVIRONMENT_LOCK.json
f8e0e4fd4565106cd40687da3fc5565eac79dd45b06bda8e917c0fa1b9f11ca3	E2E_ATTR_AUTH_v1/prefreeze/final_prescience_build/FREEZE.json
e297d8e14d0628d50a30ebf67b07f3c835ae0831aa3c374462d2ad1dffde9b83	E2E_ATTR_AUTH_v1/prefreeze/final_prescience_build/INJECTION_CARRIER_TOOL_AUDIT.csv
f33c6dc55e8be882749883f0ea330921e48f67ea75f3aeb3702fc617971181d0	E2E_ATTR_AUTH_v1/prefreeze/final_prescience_build/INJECTION_LOCATION_LEDGER.csv
a6ea5ed9a0a81156e737553d9558079e9be1081f322dd1fa2d9d99f4faec9365	E2E_ATTR_AUTH_v1/prefreeze/final_prescience_build/PAEF_ORACLE_FREEZE/A3_HASH_RECONCILIATION.json
f8b53a76993334fdc83ba2699aef0a8954b14bfcd2c40bcb66acb7a4d065cf2f	E2E_ATTR_AUTH_v1/prefreeze/final_prescience_build/PAEF_ORACLE_FREEZE/A3_OUTPUT_SHA256_RECONCILED.tsv
ced5d5af123634d99ff36e3d00b84e81ac51f63b07884065aac4d8c9423536fe	E2E_ATTR_AUTH_v1/prefreeze/final_prescience_build/PAEF_ORACLE_FREEZE/CASE_012_FREE_TIME_RESOLUTION.json
a75a334d3de6069a838d59883c01bce3cf4b622bf71e22a0df79f69ae850190a	E2E_ATTR_AUTH_v1/prefreeze/final_prescience_build/PAEF_ORACLE_FREEZE/FINAL_OUTPUT_SHA256.tsv
0d7fea83574fa1fd4229651b4757f85d8131b48e428451e7490545bef90de949	E2E_ATTR_AUTH_v1/prefreeze/final_prescience_build/PAEF_ORACLE_FREEZE/PAEF_MUTATION_TEST_REPORT.json
39409a064f8c6221fc5eb5212d0d60700509169416996e12126637f838cd5ee2	E2E_ATTR_AUTH_v1/prefreeze/final_prescience_build/PAEF_ORACLE_FREEZE/PAEF_ORACLE_GATE_SUMMARY.json
299a1eb1dd5cbbb2f5841d3970b2088994b2ebf2a1b4a856ad6e1e0efde46414	E2E_ATTR_AUTH_v1/prefreeze/final_prescience_build/PAEF_ORACLE_FREEZE/PAEF_RESOLUTION_LOG.md
5edeeacc02bf8532f784ede721ea6146c2ac60201638c0431068dea5da03aade	E2E_ATTR_AUTH_v1/prefreeze/final_prescience_build/PAEF_ORACLE_FREEZE/PAEF_SPECS/CASE_001.json
3d6294ac323372b1e281d8300f2839b4da5114661e21ca507377bf9484c239b6	E2E_ATTR_AUTH_v1/prefreeze/final_prescience_build/PAEF_ORACLE_FREEZE/PAEF_SPECS/CASE_002.json
0450795e5d2bdd4b361f09e6f45eaedd6cd1168a7b263cd93ba9f38134d1cc0f	E2E_ATTR_AUTH_v1/prefreeze/final_prescience_build/PAEF_ORACLE_FREEZE/PAEF_SPECS/CASE_003.json
b332515304584d71f9fa93fe0446c20f2a5e090bd3bcbfce17372406086cb477	E2E_ATTR_AUTH_v1/prefreeze/final_prescience_build/PAEF_ORACLE_FREEZE/PAEF_SPECS/CASE_004.json
554b72f66649653cabfc5bc6ccff1328e7ac8190942222587cd336fc0a3a74b0	E2E_ATTR_AUTH_v1/prefreeze/final_prescience_build/PAEF_ORACLE_FREEZE/PAEF_SPECS/CASE_005.json
3fd6005a19bf09e9b8797faadf6229ece7b696e6a8910b3a40a7d28bf3082cc1	E2E_ATTR_AUTH_v1/prefreeze/final_prescience_build/PAEF_ORACLE_FREEZE/PAEF_SPECS/CASE_006.json
9b2c090ab92c4c57dcd05ded70eea5c0c0a5cedb62824a6416c1b45e8d7693aa	E2E_ATTR_AUTH_v1/prefreeze/final_prescience_build/PAEF_ORACLE_FREEZE/PAEF_SPECS/CASE_007.json
1bfd241f671c54d341389290545390e728340ef401b88dbfe76d59f294276080	E2E_ATTR_AUTH_v1/prefreeze/final_prescience_build/PAEF_ORACLE_FREEZE/PAEF_SPECS/CASE_008.json
ed419f0aba00eb9dc47ea20b5a99b0ef5a4c05653c2ef35a7e488480170f12a0	E2E_ATTR_AUTH_v1/prefreeze/final_prescience_build/PAEF_ORACLE_FREEZE/PAEF_SPECS/CASE_009.json
e03dca7e8909f5104aca160d6da58f73020aa8e44930a204f6b656358abd2ff2	E2E_ATTR_AUTH_v1/prefreeze/final_prescience_build/PAEF_ORACLE_FREEZE/PAEF_SPECS/CASE_010.json
bfa26c0337db99e3c7bd9a3f1036f6ebb267ff467d18e025b08ae041ab3c42b1	E2E_ATTR_AUTH_v1/prefreeze/final_prescience_build/PAEF_ORACLE_FREEZE/PAEF_SPECS/CASE_011.json
db95160514a1593952b37577a0e6a2d9d2262c55e712ec785970fc1b16c8b12c	E2E_ATTR_AUTH_v1/prefreeze/final_prescience_build/PAEF_ORACLE_FREEZE/PAEF_SPECS/CASE_012.json
eb21f8f02ad6e34ba6bccbde8c20e4aa31f4ab956712771c3287c7420c3f2e5e	E2E_ATTR_AUTH_v1/prefreeze/final_prescience_build/PAEF_ORACLE_FREEZE/PAEF_SPECS/CASE_013.json
e0e7fa98318930b8d573558424ea0356de6d644629924c665f2d251f12f981af	E2E_ATTR_AUTH_v1/prefreeze/final_prescience_build/PAEF_ORACLE_FREEZE/PAEF_SPECS/CASE_014.json
7b8fb4b32df36adb7f0760ea2f064735f0f7599184825e577a292caec2da6f72	E2E_ATTR_AUTH_v1/prefreeze/final_prescience_build/PAEF_ORACLE_FREEZE/SOURCE_LOCKS.tsv
5658217f77efa33357c6057a6b83bf3db0862ac9dc346d1b22309b73f9b29827	E2E_ATTR_AUTH_v1/prefreeze/final_prescience_build/PATCH1_PREIMAGE/E2E_PRE_02_analysis.py
50d015a12ae1e650972705475c67338e60e683bcb388213833c04715ac4f7ba5	E2E_ATTR_AUTH_v1/prefreeze/final_prescience_build/PATCH1_PREIMAGE/E2E_PRE_03_science_runner.py
dcea34776962953d51dea382c90dcd6c189cf3124910eee03dbd0c61557d4468	E2E_ATTR_AUTH_v1/prefreeze/final_prescience_build/PATCH2B_PREIMAGE/E2E_PRE_03_science_runner.py
61206790df075bc98bce64829df6bef1af9dfcb54126a0b7e6c06207cac1e36a	E2E_ATTR_AUTH_v1/prefreeze/final_prescience_build/PATCH2B_PREIMAGE/E2E_PRE_10_yaml_roundtrip_audit.py
18b6fc2cae51094a0164df16f16302b568d499ddca050d9ab5b7ff64f67aa49b	E2E_ATTR_AUTH_v1/prefreeze/final_prescience_build/PATCH2C_PREIMAGE/E2E_PRE_10_yaml_roundtrip_audit.py
15ae2028e533ab0f589b3b06a3b157c4edbcf0eb824dbea9b0e64a5e08738646	E2E_ATTR_AUTH_v1/prefreeze/final_prescience_build/PATCH2_PREIMAGE/E2E_PRE_02_analysis.py
dcea34776962953d51dea382c90dcd6c189cf3124910eee03dbd0c61557d4468	E2E_ATTR_AUTH_v1/prefreeze/final_prescience_build/PATCH2_PREIMAGE/E2E_PRE_03_science_runner.py
2e64c43a953a88961b405eeb0e8e353376dfcc08b871b8ad2c8a3481e469d1c4	E2E_ATTR_AUTH_v1/prefreeze/final_prescience_build/PATCH2_PREIMAGE/E2E_PRE_08_reseal.py
9c28c253a8e3fd683e7d1b8172f8cb58ccc8154895147e22f24669a15fbe2a7b	E2E_ATTR_AUTH_v1/prefreeze/final_prescience_build/PATCH2_PREIMAGE/E2E_PRE_09_verify_seal.py
bc0d9633131d08e7a1315559e1b651044a686cb3bb52a6ddd188798f4b2ae149	E2E_ATTR_AUTH_v1/prefreeze/final_prescience_build/PATCH2_PREIMAGE/e2e_attacks.py
5212cd7186004b43890ec555ceef3ea047c659a7d1b3f9239ecd38213f300069	E2E_ATTR_AUTH_v1/prefreeze/final_prescience_build/PRESCIENCE_PATCH_RECONCILIATION.json
0945d1baf792ed23a32d845472b726b16c5e8a964d2fccd12deca67d2880861c	E2E_ATTR_AUTH_v1/prefreeze/final_prescience_build/PRE_ENVIRONMENT_LOCKS.json
d22ab59a43d0a55702b6194eccbef4dc14a29e56d36b25e253adceb83d194be6	E2E_ATTR_AUTH_v1/prefreeze/final_prescience_build/PRE_SCIENCE_SHA256.tsv
b6375fe47841f6e74a2b159a0e8ca1d5afd349bd10dddcfbc0041f3e5e7a8a5d	E2E_ATTR_AUTH_v1/prefreeze/final_prescience_build/RANDOMIZATION_METADATA.json
c4336a0c1ccc2f48b6fe3467b32efe47aeed1b1dfc518618ed6993f278bcf53f	E2E_ATTR_AUTH_v1/prefreeze/final_prescience_build/SCIENTIFIC_SCHEDULE.csv
664d23cc4af273752bc879a1eac00713c48add7738fba941a551b44c2480e99a	E2E_ATTR_AUTH_v1/prefreeze/final_prescience_build/SOURCE_LOCKS.tsv
54505094d1e786f8ba65a5b292ca486ebdef2f918befaeebcea6ad08e1c95a65	E2E_ATTR_AUTH_v1/prefreeze/final_prescience_build/YAML_DIRECTIVE_ROUNDTRIP_AUDIT.json
3ac5dad3f1f84c543921099d694cf3425466ce0df7853b00c3e9630df29ea894	E2E_ATTR_AUTH_FINAL_PRESCIENCE_v1/code/E2E_A4_00_build_and_test_paef.py
ece8d8194f9c0a3567122b70370bd7e1a53974e1682af4b453eca15cf8d55af4	E2E_ATTR_AUTH_FINAL_PRESCIENCE_v1/code/E2E_PRE_01_build_contexts_schedule.py
15ae2028e533ab0f589b3b06a3b157c4edbcf0eb824dbea9b0e64a5e08738646	E2E_ATTR_AUTH_FINAL_PRESCIENCE_v1/code/E2E_PRE_02_analysis.py
c44ca75c4e85118d68543e240a1482225d80c0b3c300ed10336db70234e99d7e	E2E_ATTR_AUTH_FINAL_PRESCIENCE_v1/code/E2E_PRE_03_science_runner.py
54b2c014c936cbea8b6287b52263bd9be36dd73fa3f1b20a63d35c87f8b5ea33	E2E_ATTR_AUTH_FINAL_PRESCIENCE_v1/code/E2E_PRE_04_build_freeze.py
190692b50b4ca948092cda9b8105ec5887dbed57ba49da476df085fd0c02758a	E2E_ATTR_AUTH_FINAL_PRESCIENCE_v1/code/E2E_PRE_05_live_dev_preflight.py
c5160dfeec9c071d95e5f63001e4b2f2f72396c96c08be656cf39f7e27e075b8	E2E_ATTR_AUTH_FINAL_PRESCIENCE_v1/code/E2E_PRE_06_seal.py
b34fb5573f2642ee96fc94a45f73f5b40dd09b3b0da38845c25310fb33aefc3c	E2E_ATTR_AUTH_FINAL_PRESCIENCE_v1/code/E2E_PRE_07_auditpath_dev_preflight.py
2e64c43a953a88961b405eeb0e8e353376dfcc08b871b8ad2c8a3481e469d1c4	E2E_ATTR_AUTH_FINAL_PRESCIENCE_v1/code/E2E_PRE_08_reseal.py
9c28c253a8e3fd683e7d1b8172f8cb58ccc8154895147e22f24669a15fbe2a7b	E2E_ATTR_AUTH_FINAL_PRESCIENCE_v1/code/E2E_PRE_09_verify_seal.py
02ed0bc2d8edc376d5c41e366bd46f89f04ed5db9cc22067512bf654dcd4959c	E2E_ATTR_AUTH_FINAL_PRESCIENCE_v1/code/E2E_PRE_10_yaml_roundtrip_audit.py
b7d60cba211963b376dc72d72d8b5bd1a71d6447915530f6c43d840abd434998	E2E_ATTR_AUTH_FINAL_PRESCIENCE_v1/code/e2e_attacks.py
7c2b03ce6202728e5e4ab9fd850b6221be1355f94117c1313fb15a95f36944ea	E2E_ATTR_AUTH_FINAL_PRESCIENCE_v1/code/paef_oracle.py
