suite,user_task_id,injection_task_id
banking,user_task_0,injection_task_0
banking,user_task_0,injection_task_1
banking,user_task_0,injection_task_2
banking,user_task_0,injection_task_3
banking,user_task_0,injection_task_4
banking,user_task_0,injection_task_5
banking,user_task_0,injection_task_6
banking,user_task_0,injection_task_7
banking,user_task_0,injection_task_8
banking,user_task_1,injection_task_0
banking,user_task_1,injection_task_1
banking,user_task_1,injection_task_2
banking,user_task_1,injection_task_3
banking,user_task_1,injection_task_4
banking,user_task_1,injection_task_5
banking,user_task_1,injection_task_6
banking,user_task_1,injection_task_7
banking,user_task_1,injection_task_8
banking,user_task_10,injection_task_0
banking,user_task_10,injection_task_1
banking,user_task_10,injection_task_2
banking,user_task_10,injection_task_3
banking,user_task_10,injection_task_4
banking,user_task_10,injection_task_5
banking,user_task_10,injection_task_6
banking,user_task_10,injection_task_7
banking,user_task_10,injection_task_8
banking,user_task_11,injection_task_0
banking,user_task_11,injection_task_1
banking,user_task_11,injection_task_2
banking,user_task_11,injection_task_3
banking,user_task_11,injection_task_4
banking,user_task_11,injection_task_5
banking,user_task_11,injection_task_6
banking,user_task_11,injection_task_7
banking,user_task_11,injection_task_8
banking,user_task_12,injection_task_0
banking,user_task_12,injection_task_1
banking,user_task_12,injection_task_2
banking,user_task_12,injection_task_3
banking,user_task_12,injection_task_4
banking,user_task_12,injection_task_5
banking,user_task_12,injection_task_6
banking,user_task_12,injection_task_7
banking,user_task_12,injection_task_8
banking,user_task_13,injection_task_0
banking,user_task_13,injection_task_1
banking,user_task_13,injection_task_2
banking,user_task_13,injection_task_3
banking,user_task_13,injection_task_4
banking,user_task_13,injection_task_5
banking,user_task_13,injection_task_6
banking,user_task_13,injection_task_7
banking,user_task_13,injection_task_8
banking,user_task_14,injection_task_0
banking,user_task_14,injection_task_1
banking,user_task_14,injection_task_2
banking,user_task_14,injection_task_3
banking,user_task_14,injection_task_4
banking,user_task_14,injection_task_5
banking,user_task_14,injection_task_6
banking,user_task_14,injection_task_7
banking,user_task_14,injection_task_8
banking,user_task_15,injection_task_0
banking,user_task_15,injection_task_1
banking,user_task_15,injection_task_2
banking,user_task_15,injection_task_3
banking,user_task_15,injection_task_4
banking,user_task_15,injection_task_5
banking,user_task_15,injection_task_6
banking,user_task_15,injection_task_7
banking,user_task_15,injection_task_8
banking,user_task_2,injection_task_0
banking,user_task_2,injection_task_1
banking,user_task_2,injection_task_2
banking,user_task_2,injection_task_3
banking,user_task_2,injection_task_4
banking,user_task_2,injection_task_5
banking,user_task_2,injection_task_6
banking,user_task_2,injection_task_7
banking,user_task_2,injection_task_8
banking,user_task_3,injection_task_0
banking,user_task_3,injection_task_1
banking,user_task_3,injection_task_2
banking,user_task_3,injection_task_3
banking,user_task_3,injection_task_4
banking,user_task_3,injection_task_5
banking,user_task_3,injection_task_6
banking,user_task_3,injection_task_7
banking,user_task_3,injection_task_8
banking,user_task_4,injection_task_0
banking,user_task_4,injection_task_1
banking,user_task_4,injection_task_2
banking,user_task_4,injection_task_3
banking,user_task_4,injection_task_4
banking,user_task_4,injection_task_5
banking,user_task_4,injection_task_6
banking,user_task_4,injection_task_7
banking,user_task_4,injection_task_8
banking,user_task_5,injection_task_0
banking,user_task_5,injection_task_1
banking,user_task_5,injection_task_2
banking,user_task_5,injection_task_3
banking,user_task_5,injection_task_4
banking,user_task_5,injection_task_5
banking,user_task_5,injection_task_6
banking,user_task_5,injection_task_7
banking,user_task_5,injection_task_8
banking,user_task_6,injection_task_0
banking,user_task_6,injection_task_1
banking,user_task_6,injection_task_2
banking,user_task_6,injection_task_3
banking,user_task_6,injection_task_4
banking,user_task_6,injection_task_5
banking,user_task_6,injection_task_6
banking,user_task_6,injection_task_7
banking,user_task_6,injection_task_8
banking,user_task_7,injection_task_0
banking,user_task_7,injection_task_1
banking,user_task_7,injection_task_2
banking,user_task_7,injection_task_3
banking,user_task_7,injection_task_4
banking,user_task_7,injection_task_5
banking,user_task_7,injection_task_6
banking,user_task_7,injection_task_7
banking,user_task_7,injection_task_8
banking,user_task_8,injection_task_0
banking,user_task_8,injection_task_1
banking,user_task_8,injection_task_2
banking,user_task_8,injection_task_3
banking,user_task_8,injection_task_4
banking,user_task_8,injection_task_5
banking,user_task_8,injection_task_6
banking,user_task_8,injection_task_7
banking,user_task_8,injection_task_8
banking,user_task_9,injection_task_0
banking,user_task_9,injection_task_1
banking,user_task_9,injection_task_2
banking,user_task_9,injection_task_3
banking,user_task_9,injection_task_4
banking,user_task_9,injection_task_5
banking,user_task_9,injection_task_6
banking,user_task_9,injection_task_7
banking,user_task_9,injection_task_8
slack,user_task_0,injection_task_1
slack,user_task_0,injection_task_2
slack,user_task_0,injection_task_3
slack,user_task_0,injection_task_4
slack,user_task_0,injection_task_5
slack,user_task_1,injection_task_1
slack,user_task_1,injection_task_2
slack,user_task_1,injection_task_3
slack,user_task_1,injection_task_4
slack,user_task_1,injection_task_5
slack,user_task_10,injection_task_1
slack,user_task_10,injection_task_2
slack,user_task_10,injection_task_3
slack,user_task_10,injection_task_4
slack,user_task_10,injection_task_5
slack,user_task_11,injection_task_1
slack,user_task_11,injection_task_2
slack,user_task_11,injection_task_3
slack,user_task_11,injection_task_4
slack,user_task_11,injection_task_5
slack,user_task_12,injection_task_1
slack,user_task_12,injection_task_2
slack,user_task_12,injection_task_3
slack,user_task_12,injection_task_4
slack,user_task_12,injection_task_5
slack,user_task_13,injection_task_1
slack,user_task_13,injection_task_2
slack,user_task_13,injection_task_3
slack,user_task_13,injection_task_4
slack,user_task_13,injection_task_5
slack,user_task_14,injection_task_1
slack,user_task_14,injection_task_2
slack,user_task_14,injection_task_3
slack,user_task_14,injection_task_4
slack,user_task_14,injection_task_5
slack,user_task_15,injection_task_1
slack,user_task_15,injection_task_2
slack,user_task_15,injection_task_3
slack,user_task_15,injection_task_4
slack,user_task_15,injection_task_5
slack,user_task_16,injection_task_1
slack,user_task_16,injection_task_2
slack,user_task_16,injection_task_3
slack,user_task_16,injection_task_4
slack,user_task_16,injection_task_5
slack,user_task_17,injection_task_1
slack,user_task_17,injection_task_2
slack,user_task_17,injection_task_3
slack,user_task_17,injection_task_4
slack,user_task_17,injection_task_5
slack,user_task_18,injection_task_1
slack,user_task_18,injection_task_2
slack,user_task_18,injection_task_3
slack,user_task_18,injection_task_4
slack,user_task_18,injection_task_5
slack,user_task_19,injection_task_1
slack,user_task_19,injection_task_2
slack,user_task_19,injection_task_3
slack,user_task_19,injection_task_4
slack,user_task_19,injection_task_5
slack,user_task_2,injection_task_1
slack,user_task_2,injection_task_2
slack,user_task_2,injection_task_3
slack,user_task_2,injection_task_4
slack,user_task_2,injection_task_5
slack,user_task_20,injection_task_1
slack,user_task_20,injection_task_2
slack,user_task_20,injection_task_3
slack,user_task_20,injection_task_4
slack,user_task_20,injection_task_5
slack,user_task_3,injection_task_1
slack,user_task_3,injection_task_2
slack,user_task_3,injection_task_3
slack,user_task_3,injection_task_4
slack,user_task_3,injection_task_5
slack,user_task_4,injection_task_1
slack,user_task_4,injection_task_2
slack,user_task_4,injection_task_3
slack,user_task_4,injection_task_4
slack,user_task_4,injection_task_5
slack,user_task_5,injection_task_1
slack,user_task_5,injection_task_2
slack,user_task_5,injection_task_3
slack,user_task_5,injection_task_4
slack,user_task_5,injection_task_5
slack,user_task_6,injection_task_1
slack,user_task_6,injection_task_2
slack,user_task_6,injection_task_3
slack,user_task_6,injection_task_4
slack,user_task_6,injection_task_5
slack,user_task_7,injection_task_1
slack,user_task_7,injection_task_2
slack,user_task_7,injection_task_3
slack,user_task_7,injection_task_4
slack,user_task_7,injection_task_5
slack,user_task_8,injection_task_1
slack,user_task_8,injection_task_2
slack,user_task_8,injection_task_3
slack,user_task_8,injection_task_4
slack,user_task_8,injection_task_5
slack,user_task_9,injection_task_1
slack,user_task_9,injection_task_2
slack,user_task_9,injection_task_3
slack,user_task_9,injection_task_4
slack,user_task_9,injection_task_5
travel,user_task_0,injection_task_0
travel,user_task_0,injection_task_1
travel,user_task_0,injection_task_2
travel,user_task_0,injection_task_3
travel,user_task_0,injection_task_4
travel,user_task_0,injection_task_5
travel,user_task_0,injection_task_6
travel,user_task_1,injection_task_0
travel,user_task_1,injection_task_1
travel,user_task_1,injection_task_2
travel,user_task_1,injection_task_3
travel,user_task_1,injection_task_4
travel,user_task_1,injection_task_5
travel,user_task_1,injection_task_6
travel,user_task_10,injection_task_0
travel,user_task_10,injection_task_1
travel,user_task_10,injection_task_2
travel,user_task_10,injection_task_3
travel,user_task_10,injection_task_4
travel,user_task_10,injection_task_5
travel,user_task_10,injection_task_6
travel,user_task_11,injection_task_0
travel,user_task_11,injection_task_1
travel,user_task_11,injection_task_2
travel,user_task_11,injection_task_3
travel,user_task_11,injection_task_4
travel,user_task_11,injection_task_5
travel,user_task_11,injection_task_6
travel,user_task_12,injection_task_0
travel,user_task_12,injection_task_1
travel,user_task_12,injection_task_2
travel,user_task_12,injection_task_3
travel,user_task_12,injection_task_4
travel,user_task_12,injection_task_5
travel,user_task_12,injection_task_6
travel,user_task_13,injection_task_0
travel,user_task_13,injection_task_1
travel,user_task_13,injection_task_2
travel,user_task_13,injection_task_3
travel,user_task_13,injection_task_4
travel,user_task_13,injection_task_5
travel,user_task_13,injection_task_6
travel,user_task_14,injection_task_0
travel,user_task_14,injection_task_1
travel,user_task_14,injection_task_2
travel,user_task_14,injection_task_3
travel,user_task_14,injection_task_4
travel,user_task_14,injection_task_5
travel,user_task_14,injection_task_6
travel,user_task_15,injection_task_0
travel,user_task_15,injection_task_1
travel,user_task_15,injection_task_2
travel,user_task_15,injection_task_3
travel,user_task_15,injection_task_4
travel,user_task_15,injection_task_5
travel,user_task_15,injection_task_6
travel,user_task_16,injection_task_0
travel,user_task_16,injection_task_1
travel,user_task_16,injection_task_2
travel,user_task_16,injection_task_3
travel,user_task_16,injection_task_4
travel,user_task_16,injection_task_5
travel,user_task_16,injection_task_6
travel,user_task_17,injection_task_0
travel,user_task_17,injection_task_1
travel,user_task_17,injection_task_2
travel,user_task_17,injection_task_3
travel,user_task_17,injection_task_4
travel,user_task_17,injection_task_5
travel,user_task_17,injection_task_6
travel,user_task_18,injection_task_0
travel,user_task_18,injection_task_1
travel,user_task_18,injection_task_2
travel,user_task_18,injection_task_3
travel,user_task_18,injection_task_4
travel,user_task_18,injection_task_5
travel,user_task_18,injection_task_6
travel,user_task_19,injection_task_0
travel,user_task_19,injection_task_1
travel,user_task_19,injection_task_2
travel,user_task_19,injection_task_3
travel,user_task_19,injection_task_4
travel,user_task_19,injection_task_5
travel,user_task_19,injection_task_6
travel,user_task_2,injection_task_0
travel,user_task_2,injection_task_1
travel,user_task_2,injection_task_2
travel,user_task_2,injection_task_3
travel,user_task_2,injection_task_4
travel,user_task_2,injection_task_5
travel,user_task_2,injection_task_6
travel,user_task_3,injection_task_0
travel,user_task_3,injection_task_1
travel,user_task_3,injection_task_2
travel,user_task_3,injection_task_3
travel,user_task_3,injection_task_4
travel,user_task_3,injection_task_5
travel,user_task_3,injection_task_6
travel,user_task_4,injection_task_0
travel,user_task_4,injection_task_1
travel,user_task_4,injection_task_2
travel,user_task_4,injection_task_3
travel,user_task_4,injection_task_4
travel,user_task_4,injection_task_5
travel,user_task_4,injection_task_6
travel,user_task_5,injection_task_0
travel,user_task_5,injection_task_1
travel,user_task_5,injection_task_2
travel,user_task_5,injection_task_3
travel,user_task_5,injection_task_4
travel,user_task_5,injection_task_5
travel,user_task_5,injection_task_6
travel,user_task_6,injection_task_0
travel,user_task_6,injection_task_1
travel,user_task_6,injection_task_2
travel,user_task_6,injection_task_3
travel,user_task_6,injection_task_4
travel,user_task_6,injection_task_5
travel,user_task_6,injection_task_6
travel,user_task_7,injection_task_0
travel,user_task_7,injection_task_1
travel,user_task_7,injection_task_2
travel,user_task_7,injection_task_3
travel,user_task_7,injection_task_4
travel,user_task_7,injection_task_5
travel,user_task_7,injection_task_6
travel,user_task_8,injection_task_0
travel,user_task_8,injection_task_1
travel,user_task_8,injection_task_2
travel,user_task_8,injection_task_3
travel,user_task_8,injection_task_4
travel,user_task_8,injection_task_5
travel,user_task_8,injection_task_6
travel,user_task_9,injection_task_0
travel,user_task_9,injection_task_1
travel,user_task_9,injection_task_2
travel,user_task_9,injection_task_3
travel,user_task_9,injection_task_4
travel,user_task_9,injection_task_5
travel,user_task_9,injection_task_6
workspace,user_task_0,injection_task_0
workspace,user_task_0,injection_task_1
workspace,user_task_0,injection_task_2
workspace,user_task_0,injection_task_3
workspace,user_task_0,injection_task_4
workspace,user_task_0,injection_task_5
workspace,user_task_1,injection_task_0
workspace,user_task_1,injection_task_1
workspace,user_task_1,injection_task_2
workspace,user_task_1,injection_task_3
workspace,user_task_1,injection_task_4
workspace,user_task_1,injection_task_5
workspace,user_task_10,injection_task_0
workspace,user_task_10,injection_task_1
workspace,user_task_10,injection_task_2
workspace,user_task_10,injection_task_3
workspace,user_task_10,injection_task_4
workspace,user_task_10,injection_task_5
workspace,user_task_11,injection_task_0
workspace,user_task_11,injection_task_1
workspace,user_task_11,injection_task_2
workspace,user_task_11,injection_task_3
workspace,user_task_11,injection_task_4
workspace,user_task_11,injection_task_5
workspace,user_task_12,injection_task_0
workspace,user_task_12,injection_task_1
workspace,user_task_12,injection_task_2
workspace,user_task_12,injection_task_3
workspace,user_task_12,injection_task_4
workspace,user_task_12,injection_task_5
workspace,user_task_13,injection_task_0
workspace,user_task_13,injection_task_1
workspace,user_task_13,injection_task_2
workspace,user_task_13,injection_task_3
workspace,user_task_13,injection_task_4
workspace,user_task_13,injection_task_5
workspace,user_task_14,injection_task_0
workspace,user_task_14,injection_task_1
workspace,user_task_14,injection_task_2
workspace,user_task_14,injection_task_3
workspace,user_task_14,injection_task_4
workspace,user_task_14,injection_task_5
workspace,user_task_15,injection_task_0
workspace,user_task_15,injection_task_1
workspace,user_task_15,injection_task_2
workspace,user_task_15,injection_task_3
workspace,user_task_15,injection_task_4
workspace,user_task_15,injection_task_5
workspace,user_task_16,injection_task_0
workspace,user_task_16,injection_task_1
workspace,user_task_16,injection_task_2
workspace,user_task_16,injection_task_3
workspace,user_task_16,injection_task_4
workspace,user_task_16,injection_task_5
workspace,user_task_17,injection_task_0
workspace,user_task_17,injection_task_1
workspace,user_task_17,injection_task_2
workspace,user_task_17,injection_task_3
workspace,user_task_17,injection_task_4
workspace,user_task_17,injection_task_5
workspace,user_task_18,injection_task_0
workspace,user_task_18,injection_task_1
workspace,user_task_18,injection_task_2
workspace,user_task_18,injection_task_3
workspace,user_task_18,injection_task_4
workspace,user_task_18,injection_task_5
workspace,user_task_19,injection_task_0
workspace,user_task_19,injection_task_1
workspace,user_task_19,injection_task_2
workspace,user_task_19,injection_task_3
workspace,user_task_19,injection_task_4
workspace,user_task_19,injection_task_5
workspace,user_task_2,injection_task_0
workspace,user_task_2,injection_task_1
workspace,user_task_2,injection_task_2
workspace,user_task_2,injection_task_3
workspace,user_task_2,injection_task_4
workspace,user_task_2,injection_task_5
workspace,user_task_20,injection_task_0
workspace,user_task_20,injection_task_1
workspace,user_task_20,injection_task_2
workspace,user_task_20,injection_task_3
workspace,user_task_20,injection_task_4
workspace,user_task_20,injection_task_5
workspace,user_task_21,injection_task_0
workspace,user_task_21,injection_task_1
workspace,user_task_21,injection_task_2
workspace,user_task_21,injection_task_3
workspace,user_task_21,injection_task_4
workspace,user_task_21,injection_task_5
workspace,user_task_22,injection_task_0
workspace,user_task_22,injection_task_1
workspace,user_task_22,injection_task_2
workspace,user_task_22,injection_task_3
workspace,user_task_22,injection_task_4
workspace,user_task_22,injection_task_5
workspace,user_task_23,injection_task_0
workspace,user_task_23,injection_task_1
workspace,user_task_23,injection_task_2
workspace,user_task_23,injection_task_3
workspace,user_task_23,injection_task_4
workspace,user_task_23,injection_task_5
workspace,user_task_24,injection_task_0
workspace,user_task_24,injection_task_1
workspace,user_task_24,injection_task_2
workspace,user_task_24,injection_task_3
workspace,user_task_24,injection_task_4
workspace,user_task_24,injection_task_5
workspace,user_task_25,injection_task_0
workspace,user_task_25,injection_task_1
workspace,user_task_25,injection_task_2
workspace,user_task_25,injection_task_3
workspace,user_task_25,injection_task_4
workspace,user_task_25,injection_task_5
workspace,user_task_26,injection_task_0
workspace,user_task_26,injection_task_1
workspace,user_task_26,injection_task_2
workspace,user_task_26,injection_task_3
workspace,user_task_26,injection_task_4
workspace,user_task_26,injection_task_5
workspace,user_task_27,injection_task_0
workspace,user_task_27,injection_task_1
workspace,user_task_27,injection_task_2
workspace,user_task_27,injection_task_3
workspace,user_task_27,injection_task_4
workspace,user_task_27,injection_task_5
workspace,user_task_28,injection_task_0
workspace,user_task_28,injection_task_1
workspace,user_task_28,injection_task_2
workspace,user_task_28,injection_task_3
workspace,user_task_28,injection_task_4
workspace,user_task_28,injection_task_5
workspace,user_task_29,injection_task_0
workspace,user_task_29,injection_task_1
workspace,user_task_29,injection_task_2
workspace,user_task_29,injection_task_3
workspace,user_task_29,injection_task_4
workspace,user_task_29,injection_task_5
workspace,user_task_3,injection_task_0
workspace,user_task_3,injection_task_1
workspace,user_task_3,injection_task_2
workspace,user_task_3,injection_task_3
workspace,user_task_3,injection_task_4
workspace,user_task_3,injection_task_5
workspace,user_task_30,injection_task_0
workspace,user_task_30,injection_task_1
workspace,user_task_30,injection_task_2
workspace,user_task_30,injection_task_3
workspace,user_task_30,injection_task_4
workspace,user_task_30,injection_task_5
workspace,user_task_31,injection_task_0
workspace,user_task_31,injection_task_1
workspace,user_task_31,injection_task_2
workspace,user_task_31,injection_task_3
workspace,user_task_31,injection_task_4
workspace,user_task_31,injection_task_5
workspace,user_task_32,injection_task_0
workspace,user_task_32,injection_task_1
workspace,user_task_32,injection_task_2
workspace,user_task_32,injection_task_3
workspace,user_task_32,injection_task_4
workspace,user_task_32,injection_task_5
workspace,user_task_33,injection_task_0
workspace,user_task_33,injection_task_1
workspace,user_task_33,injection_task_2
workspace,user_task_33,injection_task_3
workspace,user_task_33,injection_task_4
workspace,user_task_33,injection_task_5
workspace,user_task_34,injection_task_0
workspace,user_task_34,injection_task_1
workspace,user_task_34,injection_task_2
workspace,user_task_34,injection_task_3
workspace,user_task_34,injection_task_4
workspace,user_task_34,injection_task_5
workspace,user_task_35,injection_task_0
workspace,user_task_35,injection_task_1
workspace,user_task_35,injection_task_2
workspace,user_task_35,injection_task_3
workspace,user_task_35,injection_task_4
workspace,user_task_35,injection_task_5
workspace,user_task_36,injection_task_0
workspace,user_task_36,injection_task_1
workspace,user_task_36,injection_task_2
workspace,user_task_36,injection_task_3
workspace,user_task_36,injection_task_4
workspace,user_task_36,injection_task_5
workspace,user_task_37,injection_task_0
workspace,user_task_37,injection_task_1
workspace,user_task_37,injection_task_2
workspace,user_task_37,injection_task_3
workspace,user_task_37,injection_task_4
workspace,user_task_37,injection_task_5
workspace,user_task_38,injection_task_0
workspace,user_task_38,injection_task_1
workspace,user_task_38,injection_task_2
workspace,user_task_38,injection_task_3
workspace,user_task_38,injection_task_4
workspace,user_task_38,injection_task_5
workspace,user_task_39,injection_task_0
workspace,user_task_39,injection_task_1
workspace,user_task_39,injection_task_2
workspace,user_task_39,injection_task_3
workspace,user_task_39,injection_task_4
workspace,user_task_39,injection_task_5
workspace,user_task_4,injection_task_0
workspace,user_task_4,injection_task_1
workspace,user_task_4,injection_task_2
workspace,user_task_4,injection_task_3
workspace,user_task_4,injection_task_4
workspace,user_task_4,injection_task_5
workspace,user_task_5,injection_task_0
workspace,user_task_5,injection_task_1
workspace,user_task_5,injection_task_2
workspace,user_task_5,injection_task_3
workspace,user_task_5,injection_task_4
workspace,user_task_5,injection_task_5
workspace,user_task_6,injection_task_0
workspace,user_task_6,injection_task_1
workspace,user_task_6,injection_task_2
workspace,user_task_6,injection_task_3
workspace,user_task_6,injection_task_4
workspace,user_task_6,injection_task_5
workspace,user_task_7,injection_task_0
workspace,user_task_7,injection_task_1
workspace,user_task_7,injection_task_2
workspace,user_task_7,injection_task_3
workspace,user_task_7,injection_task_4
workspace,user_task_7,injection_task_5
workspace,user_task_8,injection_task_0
workspace,user_task_8,injection_task_1
workspace,user_task_8,injection_task_2
workspace,user_task_8,injection_task_3
workspace,user_task_8,injection_task_4
workspace,user_task_8,injection_task_5
workspace,user_task_9,injection_task_0
workspace,user_task_9,injection_task_1
workspace,user_task_9,injection_task_2
workspace,user_task_9,injection_task_3
workspace,user_task_9,injection_task_4
workspace,user_task_9,injection_task_5
