sha256	bytes	filename
60e270c06cd00f2b0e4240a298555ed91c3cacd1fd7db7e917ac0f8c899e79b6	5398	00_PROJECT_SNAPSHOT.json
ceaca6008561f1558e212c33142a5b2af99d4ea8b72792a814a22727c8ce60ef	831	01_A13_CENSUS_REPORT.json
29ac64fc4431df16edf1829c9ae5ac078eff79dacab0bde0f9c859d135b1b99b	146357	01_A13_PRIMARY_DECISIONS.jsonl
0eeac9a0d4d2fd9656bb23ba0ab0935d30cd0c0bd2fadd170b65912b9e69b98c	47811	02_ALT_CANDIDATES.jsonl
8090d7e601ff66ae1c30dec592e15549e22f2f8aab19a7aec821f59558327ccb	23859	COHORT_CENSUS.csv
19331b603f196a7aa4c6594199252813312658125bbc391c64df9be361d9deaf	1530	COHORT_SUMMARY.json
a02473c14ecd9e5f9b70c27ebeb5883b189eff8f23abffae3058629f770f3d95	5382	EXCLUSIONS.csv
e3b0c44298fc1c149afbf4c8996fb92427ae41e4649b934ca495991b7852b855	0	PHASE0_2_AUTHOR_RUN.log
7a3ee05af0db7344879bf41dfe9b6be7154de4db8e2a93db67f441719479e427	13016	STRICT_SUBSET.csv
