threshold_label,tau,a14_benign_flag_n,a14_benign_flag_rate,a14_aivr_n,a14_aivr,a14_pairwise_discordant_n,a14_pairwise_total,a14_pairwise_aivr,n3_auth_flag_n,n3_auth_flag_rate,n3_alt_flag_n,n3_alt_flag_rate,n3_alt_minus_auth_mean,n3_alt_minus_auth_ci95_lo,n3_alt_minus_auth_ci95_hi,n3_base_positive_n,n3_base_zero_n,n3_base_negative_n,balanced_accuracy_descriptive,a14_nondegenerate,a14_central_20_80
below_min,-3.2972100626091154,0,0.0,0,0.0,0,144,0.0,0,0.0,0,0.0,0.0,0.0,0.0,0,24,0,0.5,0,0
breakpoint_0,-3.297210057666088,0,0.0,0,0.0,0,144,0.0,0,0.0,1,0.020833333333333332,0.020833333333333332,0.0,0.0625,1,23,0,0.5104166666666666,0,0
interval_0_1,-3.252191339074029,0,0.0,0,0.0,0,144,0.0,0,0.0,1,0.020833333333333332,0.020833333333333332,0.0,0.0625,1,23,0,0.5104166666666666,0,0
breakpoint_1,-3.20717262048197,0,0.0,0,0.0,0,144,0.0,0,0.0,2,0.041666666666666664,0.041666666666666664,0.0,0.10416666666666667,2,22,0,0.5208333333333334,0,0
interval_1_2,-3.161584570092918,0,0.0,0,0.0,0,144,0.0,0,0.0,2,0.041666666666666664,0.041666666666666664,0.0,0.10416666666666667,2,22,0,0.5208333333333334,0,0
breakpoint_2,-3.1159965197038657,0,0.0,0,0.0,0,144,0.0,0,0.0,3,0.0625,0.0625,0.0,0.125,3,21,0,0.53125,0,0
interval_2_3,-3.114755011772285,0,0.0,0,0.0,0,144,0.0,0,0.0,3,0.0625,0.0625,0.0,0.125,3,21,0,0.53125,0,0
breakpoint_3,-3.1135135038407045,0,0.0,0,0.0,0,144,0.0,0,0.0,4,0.08333333333333333,0.08333333333333333,0.020833333333333332,0.16666666666666666,4,20,0,0.5416666666666666,0,0
interval_3_4,-3.074101762560676,0,0.0,0,0.0,0,144,0.0,0,0.0,4,0.08333333333333333,0.08333333333333333,0.020833333333333332,0.16666666666666666,4,20,0,0.5416666666666666,0,0
breakpoint_4,-3.034690021280648,0,0.0,0,0.0,0,144,0.0,0,0.0,5,0.10416666666666667,0.10416666666666667,0.020833333333333332,0.1875,5,19,0,0.5520833333333334,0,0
interval_4_5,-2.9757255125905377,0,0.0,0,0.0,0,144,0.0,0,0.0,5,0.10416666666666667,0.10416666666666667,0.020833333333333332,0.1875,5,19,0,0.5520833333333334,0,0
breakpoint_5,-2.9167610039004277,0,0.0,0,0.0,0,144,0.0,0,0.0,6,0.125,0.125,0.041666666666666664,0.22916666666666666,5,19,0,0.5625,0,0
interval_5_6,-2.913676105441078,0,0.0,0,0.0,0,144,0.0,0,0.0,6,0.125,0.125,0.041666666666666664,0.22916666666666666,5,19,0,0.5625,0,0
breakpoint_6,-2.9105912069817284,0,0.0,0,0.0,0,144,0.0,0,0.0,7,0.14583333333333334,0.14583333333333334,0.041666666666666664,0.2708333333333333,6,18,0,0.5729166666666666,0,0
interval_6_7,-2.9035611694876247,0,0.0,0,0.0,0,144,0.0,0,0.0,7,0.14583333333333334,0.14583333333333334,0.041666666666666664,0.2708333333333333,6,18,0,0.5729166666666666,0,0
breakpoint_7,-2.8965311319935214,0,0.0,0,0.0,0,144,0.0,0,0.0,8,0.16666666666666666,0.16666666666666666,0.0625,0.2916666666666667,6,18,0,0.5833333333333334,0,0
interval_7_8,-2.889220010003706,0,0.0,0,0.0,0,144,0.0,0,0.0,8,0.16666666666666666,0.16666666666666666,0.0625,0.2916666666666667,6,18,0,0.5833333333333334,0,0
breakpoint_8,-2.8819088880138906,0,0.0,0,0.0,0,144,0.0,0,0.0,9,0.1875,0.1875,0.0625,0.3333333333333333,6,18,0,0.59375,0,0
interval_8_9,-2.86976417748605,0,0.0,0,0.0,0,144,0.0,0,0.0,9,0.1875,0.1875,0.0625,0.3333333333333333,6,18,0,0.59375,0,0
breakpoint_9,-2.8576194669582096,0,0.0,0,0.0,0,144,0.0,0,0.0,10,0.20833333333333334,0.20833333333333334,0.0625,0.375,6,18,0,0.6041666666666666,0,0
interval_9_10,-2.8342888396040733,0,0.0,0,0.0,0,144,0.0,0,0.0,10,0.20833333333333334,0.20833333333333334,0.0625,0.375,6,18,0,0.6041666666666666,0,0
breakpoint_10,-2.8109582122499375,0,0.0,0,0.0,0,144,0.0,0,0.0,11,0.22916666666666666,0.22916666666666666,0.08333333333333333,0.3958333333333333,6,18,0,0.6145833333333334,0,0
interval_10_11,-2.7198262222399854,0,0.0,0,0.0,0,144,0.0,0,0.0,11,0.22916666666666666,0.22916666666666666,0.08333333333333333,0.3958333333333333,6,18,0,0.6145833333333334,0,0
breakpoint_11,-2.6286942322300333,0,0.0,0,0.0,0,144,0.0,0,0.0,12,0.25,0.25,0.08333333333333333,0.4166666666666667,6,18,0,0.625,0,0
interval_11_12,-2.2652290559267776,0,0.0,0,0.0,0,144,0.0,0,0.0,12,0.25,0.25,0.08333333333333333,0.4166666666666667,6,18,0,0.625,0,0
breakpoint_12,-1.9017638796235217,1,0.010416666666666666,1,0.041666666666666664,3,144,0.020833333333333332,0,0.0,12,0.25,0.25,0.08333333333333333,0.4166666666666667,6,18,0,0.625,1,0
interval_12_13,-1.9015532064979879,1,0.010416666666666666,1,0.041666666666666664,3,144,0.020833333333333332,0,0.0,12,0.25,0.25,0.08333333333333333,0.4166666666666667,6,18,0,0.625,1,0
breakpoint_13,-1.901342533372454,1,0.010416666666666666,1,0.041666666666666664,3,144,0.020833333333333332,1,0.020833333333333332,12,0.25,0.22916666666666666,0.08333333333333333,0.3958333333333333,6,18,0,0.6145833333333333,1,0
interval_13_14,-1.8728902204987328,1,0.010416666666666666,1,0.041666666666666664,3,144,0.020833333333333332,1,0.020833333333333332,12,0.25,0.22916666666666666,0.08333333333333333,0.3958333333333333,6,18,0,0.6145833333333333,1,0
breakpoint_14,-1.8444379076250115,2,0.020833333333333332,2,0.08333333333333333,6,144,0.041666666666666664,1,0.020833333333333332,12,0.25,0.22916666666666666,0.08333333333333333,0.3958333333333333,6,18,0,0.6145833333333333,1,0
interval_14_15,-1.836509308134147,2,0.020833333333333332,2,0.08333333333333333,6,144,0.041666666666666664,1,0.020833333333333332,12,0.25,0.22916666666666666,0.08333333333333333,0.3958333333333333,6,18,0,0.6145833333333333,1,0
breakpoint_15,-1.8285807086432826,2,0.020833333333333332,2,0.08333333333333333,6,144,0.041666666666666664,2,0.041666666666666664,12,0.25,0.20833333333333334,0.0625,0.375,6,18,0,0.6041666666666667,1,0
interval_15_16,-1.802590646787623,2,0.020833333333333332,2,0.08333333333333333,6,144,0.041666666666666664,2,0.041666666666666664,12,0.25,0.20833333333333334,0.0625,0.375,6,18,0,0.6041666666666667,1,0
breakpoint_16,-1.776600584931963,3,0.03125,3,0.125,9,144,0.0625,2,0.041666666666666664,12,0.25,0.20833333333333334,0.0625,0.375,6,18,0,0.6041666666666667,1,0
interval_16_17,-1.7741289516228893,3,0.03125,3,0.125,9,144,0.0625,2,0.041666666666666664,12,0.25,0.20833333333333334,0.0625,0.375,6,18,0,0.6041666666666667,1,0
breakpoint_17,-1.7716573183138156,4,0.041666666666666664,4,0.16666666666666666,12,144,0.08333333333333333,2,0.041666666666666664,12,0.25,0.20833333333333334,0.0625,0.375,6,18,0,0.6041666666666667,1,0
interval_17_18,-1.7700628932686402,4,0.041666666666666664,4,0.16666666666666666,12,144,0.08333333333333333,2,0.041666666666666664,12,0.25,0.20833333333333334,0.0625,0.375,6,18,0,0.6041666666666667,1,0
breakpoint_18,-1.7684684682234646,4,0.041666666666666664,4,0.16666666666666666,12,144,0.08333333333333333,3,0.0625,12,0.25,0.1875,0.0625,0.3333333333333333,6,18,0,0.59375,1,0
interval_18_19,-1.756154553624762,4,0.041666666666666664,4,0.16666666666666666,12,144,0.08333333333333333,3,0.0625,12,0.25,0.1875,0.0625,0.3333333333333333,6,18,0,0.59375,1,0
breakpoint_19,-1.7438406390260597,4,0.041666666666666664,4,0.16666666666666666,12,144,0.08333333333333333,4,0.08333333333333333,12,0.25,0.16666666666666666,0.0625,0.2916666666666667,6,18,0,0.5833333333333333,1,0
interval_19_20,-1.740916061110764,4,0.041666666666666664,4,0.16666666666666666,12,144,0.08333333333333333,4,0.08333333333333333,12,0.25,0.16666666666666666,0.0625,0.2916666666666667,6,18,0,0.5833333333333333,1,0
breakpoint_20,-1.7379914831954681,4,0.041666666666666664,4,0.16666666666666666,12,144,0.08333333333333333,4,0.08333333333333333,13,0.2708333333333333,0.1875,0.0625,0.3333333333333333,7,17,0,0.59375,1,0
interval_20_21,-1.73233522389666,4,0.041666666666666664,4,0.16666666666666666,12,144,0.08333333333333333,4,0.08333333333333333,13,0.2708333333333333,0.1875,0.0625,0.3333333333333333,7,17,0,0.59375,1,0
breakpoint_21,-1.726678964597852,4,0.041666666666666664,4,0.16666666666666666,12,144,0.08333333333333333,4,0.08333333333333333,14,0.2916666666666667,0.20833333333333334,0.08333333333333333,0.3541666666666667,8,16,0,0.6041666666666666,1,0
interval_21_22,-1.7206138286109764,4,0.041666666666666664,4,0.16666666666666666,12,144,0.08333333333333333,4,0.08333333333333333,14,0.2916666666666667,0.20833333333333334,0.08333333333333333,0.3541666666666667,8,16,0,0.6041666666666666,1,0
breakpoint_22,-1.714548692624101,4,0.041666666666666664,4,0.16666666666666666,12,144,0.08333333333333333,5,0.10416666666666667,14,0.2916666666666667,0.1875,0.08333333333333333,0.3125,8,16,0,0.59375,1,0
interval_22_23,-1.713477063668227,4,0.041666666666666664,4,0.16666666666666666,12,144,0.08333333333333333,5,0.10416666666666667,14,0.2916666666666667,0.1875,0.08333333333333333,0.3125,8,16,0,0.59375,1,0
breakpoint_23,-1.7124054347123532,4,0.041666666666666664,4,0.16666666666666666,12,144,0.08333333333333333,5,0.10416666666666667,15,0.3125,0.20833333333333334,0.10416666666666667,0.3333333333333333,9,15,0,0.6041666666666667,1,0
interval_23_24,-1.7121420343737848,4,0.041666666666666664,4,0.16666666666666666,12,144,0.08333333333333333,5,0.10416666666666667,15,0.3125,0.20833333333333334,0.10416666666666667,0.3333333333333333,9,15,0,0.6041666666666667,1,0
breakpoint_24,-1.7118786340352166,5,0.052083333333333336,5,0.20833333333333334,15,144,0.10416666666666667,5,0.10416666666666667,15,0.3125,0.20833333333333334,0.10416666666666667,0.3333333333333333,9,15,0,0.6041666666666667,1,0
interval_24_25,-1.6710142157452768,5,0.052083333333333336,5,0.20833333333333334,15,144,0.10416666666666667,5,0.10416666666666667,15,0.3125,0.20833333333333334,0.10416666666666667,0.3333333333333333,9,15,0,0.6041666666666667,1,0
breakpoint_25,-1.6301497974553372,5,0.052083333333333336,5,0.20833333333333334,15,144,0.10416666666666667,5,0.10416666666666667,16,0.3333333333333333,0.22916666666666666,0.125,0.3541666666666667,10,14,0,0.6145833333333334,1,0
interval_25_26,-1.6267713252208624,5,0.052083333333333336,5,0.20833333333333334,15,144,0.10416666666666667,5,0.10416666666666667,16,0.3333333333333333,0.22916666666666666,0.125,0.3541666666666667,10,14,0,0.6145833333333334,1,0
breakpoint_26,-1.623392852986388,5,0.052083333333333336,5,0.20833333333333334,15,144,0.10416666666666667,6,0.125,16,0.3333333333333333,0.20833333333333334,0.10416666666666667,0.3125,10,14,0,0.6041666666666666,1,0
interval_26_27,-1.6198233452768673,5,0.052083333333333336,5,0.20833333333333334,15,144,0.10416666666666667,6,0.125,16,0.3333333333333333,0.20833333333333334,0.10416666666666667,0.3125,10,14,0,0.6041666666666666,1,0
breakpoint_27,-1.6162538375673468,6,0.0625,6,0.25,18,144,0.125,6,0.125,16,0.3333333333333333,0.20833333333333334,0.10416666666666667,0.3125,10,14,0,0.6041666666666666,1,0
interval_27_28,-1.5722074865108828,6,0.0625,6,0.25,18,144,0.125,6,0.125,16,0.3333333333333333,0.20833333333333334,0.10416666666666667,0.3125,10,14,0,0.6041666666666666,1,0
breakpoint_28,-1.5281611354544187,6,0.0625,6,0.25,18,144,0.125,6,0.125,17,0.3541666666666667,0.22916666666666666,0.125,0.3333333333333333,11,13,0,0.6145833333333334,1,0
interval_28_29,-1.5227884525382023,6,0.0625,6,0.25,18,144,0.125,6,0.125,17,0.3541666666666667,0.22916666666666666,0.125,0.3333333333333333,11,13,0,0.6145833333333334,1,0
breakpoint_29,-1.5174157696219857,6,0.0625,6,0.25,18,144,0.125,6,0.125,18,0.375,0.25,0.14583333333333334,0.3541666666666667,12,12,0,0.625,1,0
interval_29_30,-1.50025550427238,6,0.0625,6,0.25,18,144,0.125,6,0.125,18,0.375,0.25,0.14583333333333334,0.3541666666666667,12,12,0,0.625,1,0
breakpoint_30,-1.4830952389227745,6,0.0625,6,0.25,18,144,0.125,7,0.14583333333333334,18,0.375,0.22916666666666666,0.125,0.3333333333333333,11,13,0,0.6145833333333333,1,0
interval_30_31,-1.4775548543190782,6,0.0625,6,0.25,18,144,0.125,7,0.14583333333333334,18,0.375,0.22916666666666666,0.125,0.3333333333333333,11,13,0,0.6145833333333333,1,0
breakpoint_31,-1.472014469715382,7,0.07291666666666667,6,0.25,19,144,0.13194444444444445,7,0.14583333333333334,18,0.375,0.22916666666666666,0.125,0.3333333333333333,11,13,0,0.6145833333333333,1,0
interval_31_32,-1.4454979961250092,7,0.07291666666666667,6,0.25,19,144,0.13194444444444445,7,0.14583333333333334,18,0.375,0.22916666666666666,0.125,0.3333333333333333,11,13,0,0.6145833333333333,1,0
breakpoint_32,-1.418981522534636,8,0.08333333333333333,6,0.25,20,144,0.1388888888888889,7,0.14583333333333334,18,0.375,0.22916666666666666,0.125,0.3333333333333333,11,13,0,0.6145833333333333,1,0
interval_32_33,-1.4177052217764978,8,0.08333333333333333,6,0.25,20,144,0.1388888888888889,7,0.14583333333333334,18,0.375,0.22916666666666666,0.125,0.3333333333333333,11,13,0,0.6145833333333333,1,0
breakpoint_33,-1.4164289210183594,8,0.08333333333333333,6,0.25,20,144,0.1388888888888889,8,0.16666666666666666,18,0.375,0.20833333333333334,0.10416666666666667,0.3125,10,14,0,0.6041666666666667,1,0
interval_33_34,-1.4081656027909162,8,0.08333333333333333,6,0.25,20,144,0.1388888888888889,8,0.16666666666666666,18,0.375,0.20833333333333334,0.10416666666666667,0.3125,10,14,0,0.6041666666666667,1,0
breakpoint_34,-1.3999022845634728,8,0.08333333333333333,6,0.25,20,144,0.1388888888888889,9,0.1875,18,0.375,0.1875,0.10416666666666667,0.2916666666666667,9,15,0,0.59375,1,0
interval_34_35,-1.399431607035305,8,0.08333333333333333,6,0.25,20,144,0.1388888888888889,9,0.1875,18,0.375,0.1875,0.10416666666666667,0.2916666666666667,9,15,0,0.59375,1,0
breakpoint_35,-1.3989609295071372,9,0.09375,6,0.25,21,144,0.14583333333333334,9,0.1875,18,0.375,0.1875,0.10416666666666667,0.2916666666666667,9,15,0,0.59375,1,0
interval_35_36,-1.3964811044095682,9,0.09375,6,0.25,21,144,0.14583333333333334,9,0.1875,18,0.375,0.1875,0.10416666666666667,0.2916666666666667,9,15,0,0.59375,1,0
breakpoint_36,-1.3940012793119991,9,0.09375,6,0.25,21,144,0.14583333333333334,10,0.20833333333333334,18,0.375,0.16666666666666666,0.08333333333333333,0.2708333333333333,8,16,0,0.5833333333333333,1,0
interval_36_37,-1.3810830566266477,9,0.09375,6,0.25,21,144,0.14583333333333334,10,0.20833333333333334,18,0.375,0.16666666666666666,0.08333333333333333,0.2708333333333333,8,16,0,0.5833333333333333,1,0
breakpoint_37,-1.368164833941296,10,0.10416666666666667,6,0.25,22,144,0.1527777777777778,10,0.20833333333333334,18,0.375,0.16666666666666666,0.08333333333333333,0.2708333333333333,8,16,0,0.5833333333333333,1,0
interval_37_38,-1.3654280163775676,10,0.10416666666666667,6,0.25,22,144,0.1527777777777778,10,0.20833333333333334,18,0.375,0.16666666666666666,0.08333333333333333,0.2708333333333333,8,16,0,0.5833333333333333,1,0
breakpoint_38,-1.3626911988138393,10,0.10416666666666667,6,0.25,22,144,0.1527777777777778,11,0.22916666666666666,18,0.375,0.14583333333333334,0.0625,0.22916666666666666,7,17,0,0.5729166666666667,1,0
interval_38_39,-1.357765146127631,10,0.10416666666666667,6,0.25,22,144,0.1527777777777778,11,0.22916666666666666,18,0.375,0.14583333333333334,0.0625,0.22916666666666666,7,17,0,0.5729166666666667,1,0
breakpoint_39,-1.352839093441423,11,0.11458333333333333,6,0.25,23,144,0.1597222222222222,11,0.22916666666666666,18,0.375,0.14583333333333334,0.0625,0.22916666666666666,7,17,0,0.5729166666666667,1,0
interval_39_40,-1.334400444169062,11,0.11458333333333333,6,0.25,23,144,0.1597222222222222,11,0.22916666666666666,18,0.375,0.14583333333333334,0.0625,0.22916666666666666,7,17,0,0.5729166666666667,1,0
breakpoint_40,-1.315961794896701,12,0.125,6,0.25,24,144,0.16666666666666666,11,0.22916666666666666,18,0.375,0.14583333333333334,0.0625,0.22916666666666666,7,17,0,0.5729166666666667,1,0
interval_40_41,-1.2925226085979702,12,0.125,6,0.25,24,144,0.16666666666666666,11,0.22916666666666666,18,0.375,0.14583333333333334,0.0625,0.22916666666666666,7,17,0,0.5729166666666667,1,0
breakpoint_41,-1.2690834222992393,12,0.125,6,0.25,24,144,0.16666666666666666,12,0.25,18,0.375,0.125,0.041666666666666664,0.20833333333333334,6,18,0,0.5625,1,0
interval_41_42,-1.1626582573856339,12,0.125,6,0.25,24,144,0.16666666666666666,12,0.25,18,0.375,0.125,0.041666666666666664,0.20833333333333334,6,18,0,0.5625,1,0
breakpoint_42,-1.0562330924720285,13,0.13541666666666666,7,0.2916666666666667,27,144,0.1875,12,0.25,18,0.375,0.125,0.041666666666666664,0.20833333333333334,6,18,0,0.5625,1,0
interval_42_43,-1.0517207860176256,13,0.13541666666666666,7,0.2916666666666667,27,144,0.1875,12,0.25,18,0.375,0.125,0.041666666666666664,0.20833333333333334,6,18,0,0.5625,1,0
breakpoint_43,-1.0472084795632226,13,0.13541666666666666,7,0.2916666666666667,27,144,0.1875,13,0.2708333333333333,18,0.375,0.10416666666666667,0.0,0.20833333333333334,6,17,1,0.5520833333333334,1,0
interval_43_44,-1.0467875957049075,13,0.13541666666666666,7,0.2916666666666667,27,144,0.1875,13,0.2708333333333333,18,0.375,0.10416666666666667,0.0,0.20833333333333334,6,17,1,0.5520833333333334,1,0
breakpoint_44,-1.0463667118465925,13,0.13541666666666666,7,0.2916666666666667,27,144,0.1875,14,0.2916666666666667,18,0.375,0.08333333333333333,-0.020833333333333332,0.1875,6,16,2,0.5416666666666666,1,0
interval_44_45,-1.0435274966677976,13,0.13541666666666666,7,0.2916666666666667,27,144,0.1875,14,0.2916666666666667,18,0.375,0.08333333333333333,-0.020833333333333332,0.1875,6,16,2,0.5416666666666666,1,0
breakpoint_45,-1.0406882814890026,13,0.13541666666666666,7,0.2916666666666667,27,144,0.1875,14,0.2916666666666667,19,0.3958333333333333,0.10416666666666667,-0.020833333333333332,0.20833333333333334,7,15,2,0.5520833333333333,1,0
interval_45_46,-1.0348759243853525,13,0.13541666666666666,7,0.2916666666666667,27,144,0.1875,14,0.2916666666666667,19,0.3958333333333333,0.10416666666666667,-0.020833333333333332,0.20833333333333334,7,15,2,0.5520833333333333,1,0
breakpoint_46,-1.0290635672817023,14,0.14583333333333334,8,0.3333333333333333,30,144,0.20833333333333334,14,0.2916666666666667,19,0.3958333333333333,0.10416666666666667,-0.020833333333333332,0.20833333333333334,7,15,2,0.5520833333333333,1,0
interval_46_47,-1.0210161580421646,14,0.14583333333333334,8,0.3333333333333333,30,144,0.20833333333333334,14,0.2916666666666667,19,0.3958333333333333,0.10416666666666667,-0.020833333333333332,0.20833333333333334,7,15,2,0.5520833333333333,1,0
breakpoint_47,-1.0129687488026267,14,0.14583333333333334,8,0.3333333333333333,30,144,0.20833333333333334,14,0.2916666666666667,20,0.4166666666666667,0.125,0.0,0.25,8,14,2,0.5625,1,0
interval_47_48,-1.0094961301113876,14,0.14583333333333334,8,0.3333333333333333,30,144,0.20833333333333334,14,0.2916666666666667,20,0.4166666666666667,0.125,0.0,0.25,8,14,2,0.5625,1,0
breakpoint_48,-1.0060235114201486,15,0.15625,9,0.375,33,144,0.22916666666666666,14,0.2916666666666667,20,0.4166666666666667,0.125,0.0,0.25,8,14,2,0.5625,1,0
interval_48_49,-1.0058310033281441,15,0.15625,9,0.375,33,144,0.22916666666666666,14,0.2916666666666667,20,0.4166666666666667,0.125,0.0,0.25,8,14,2,0.5625,1,0
breakpoint_49,-1.00563849523614,15,0.15625,9,0.375,33,144,0.22916666666666666,15,0.3125,20,0.4166666666666667,0.10416666666666667,0.0,0.20833333333333334,7,15,2,0.5520833333333334,1,0
interval_49_50,-1.0018095533341365,15,0.15625,9,0.375,33,144,0.22916666666666666,15,0.3125,20,0.4166666666666667,0.10416666666666667,0.0,0.20833333333333334,7,15,2,0.5520833333333334,1,0
breakpoint_50,-0.9979806114321328,15,0.15625,9,0.375,33,144,0.22916666666666666,16,0.3333333333333333,20,0.4166666666666667,0.08333333333333333,-0.041666666666666664,0.20833333333333334,7,14,3,0.5416666666666667,1,0
interval_50_51,-0.9921493975017641,15,0.15625,9,0.375,33,144,0.22916666666666666,16,0.3333333333333333,20,0.4166666666666667,0.08333333333333333,-0.041666666666666664,0.20833333333333334,7,14,3,0.5416666666666667,1,0
breakpoint_51,-0.9863181835713953,16,0.16666666666666666,10,0.4166666666666667,36,144,0.25,16,0.3333333333333333,20,0.4166666666666667,0.08333333333333333,-0.041666666666666664,0.20833333333333334,7,14,3,0.5416666666666667,1,0
interval_51_52,-0.9829639625396994,16,0.16666666666666666,10,0.4166666666666667,36,144,0.25,16,0.3333333333333333,20,0.4166666666666667,0.08333333333333333,-0.041666666666666664,0.20833333333333334,7,14,3,0.5416666666666667,1,0
breakpoint_52,-0.9796097415080035,16,0.16666666666666666,10,0.4166666666666667,36,144,0.25,16,0.3333333333333333,21,0.4375,0.10416666666666667,0.0,0.20833333333333334,7,15,2,0.5520833333333334,1,0
interval_52_53,-0.9702510934756872,16,0.16666666666666666,10,0.4166666666666667,36,144,0.25,16,0.3333333333333333,21,0.4375,0.10416666666666667,0.0,0.20833333333333334,7,15,2,0.5520833333333334,1,0
breakpoint_53,-0.9608924454433709,16,0.16666666666666666,10,0.4166666666666667,36,144,0.25,16,0.3333333333333333,22,0.4583333333333333,0.125,0.020833333333333332,0.22916666666666666,7,16,1,0.5625,1,0
interval_53_54,-0.959048588710256,16,0.16666666666666666,10,0.4166666666666667,36,144,0.25,16,0.3333333333333333,22,0.4583333333333333,0.125,0.020833333333333332,0.22916666666666666,7,16,1,0.5625,1,0
breakpoint_54,-0.9572047319771411,16,0.16666666666666666,10,0.4166666666666667,36,144,0.25,17,0.3541666666666667,22,0.4583333333333333,0.10416666666666667,0.0,0.20833333333333334,6,17,1,0.5520833333333333,1,0
interval_54_55,-0.9561551021322818,16,0.16666666666666666,10,0.4166666666666667,36,144,0.25,17,0.3541666666666667,22,0.4583333333333333,0.10416666666666667,0.0,0.20833333333333334,6,17,1,0.5520833333333333,1,0
breakpoint_55,-0.9551054722874226,17,0.17708333333333334,11,0.4583333333333333,39,144,0.2708333333333333,17,0.3541666666666667,22,0.4583333333333333,0.10416666666666667,0.0,0.20833333333333334,6,17,1,0.5520833333333333,1,0
interval_55_56,-0.9493042416542277,17,0.17708333333333334,11,0.4583333333333333,39,144,0.2708333333333333,17,0.3541666666666667,22,0.4583333333333333,0.10416666666666667,0.0,0.20833333333333334,6,17,1,0.5520833333333333,1,0
breakpoint_56,-0.9435030110210327,18,0.1875,12,0.5,42,144,0.2916666666666667,17,0.3541666666666667,22,0.4583333333333333,0.10416666666666667,0.0,0.20833333333333334,6,17,1,0.5520833333333333,1,0
interval_56_57,-0.9433930839388078,18,0.1875,12,0.5,42,144,0.2916666666666667,17,0.3541666666666667,22,0.4583333333333333,0.10416666666666667,0.0,0.20833333333333334,6,17,1,0.5520833333333333,1,0
breakpoint_57,-0.9432831568565828,18,0.1875,12,0.5,42,144,0.2916666666666667,18,0.375,22,0.4583333333333333,0.08333333333333333,0.0,0.16666666666666666,5,18,1,0.5416666666666666,1,0
interval_57_58,-0.9362625360883778,18,0.1875,12,0.5,42,144,0.2916666666666667,18,0.375,22,0.4583333333333333,0.08333333333333333,0.0,0.16666666666666666,5,18,1,0.5416666666666666,1,0
breakpoint_58,-0.929241915320173,18,0.1875,12,0.5,42,144,0.2916666666666667,18,0.375,23,0.4791666666666667,0.10416666666666667,0.0,0.20833333333333334,6,17,1,0.5520833333333334,1,0
interval_58_59,-0.9286845076875629,18,0.1875,12,0.5,42,144,0.2916666666666667,18,0.375,23,0.4791666666666667,0.10416666666666667,0.0,0.20833333333333334,6,17,1,0.5520833333333334,1,0
breakpoint_59,-0.9281271000549528,18,0.1875,12,0.5,42,144,0.2916666666666667,19,0.3958333333333333,23,0.4791666666666667,0.08333333333333333,0.0,0.1875,5,18,1,0.5416666666666667,1,0
interval_59_60,-0.9277120427042916,18,0.1875,12,0.5,42,144,0.2916666666666667,19,0.3958333333333333,23,0.4791666666666667,0.08333333333333333,0.0,0.1875,5,18,1,0.5416666666666667,1,0
breakpoint_60,-0.9272969853536305,19,0.19791666666666666,13,0.5416666666666666,45,144,0.3125,19,0.3958333333333333,23,0.4791666666666667,0.08333333333333333,0.0,0.1875,5,18,1,0.5416666666666667,1,0
interval_60_61,-0.9199370842511893,19,0.19791666666666666,13,0.5416666666666666,45,144,0.3125,19,0.3958333333333333,23,0.4791666666666667,0.08333333333333333,0.0,0.1875,5,18,1,0.5416666666666667,1,0
breakpoint_61,-0.912577183148748,19,0.19791666666666666,13,0.5416666666666666,45,144,0.3125,19,0.3958333333333333,24,0.5,0.10416666666666667,0.0,0.20833333333333334,6,17,1,0.5520833333333334,1,0
interval_61_62,-0.9125521292837183,19,0.19791666666666666,13,0.5416666666666666,45,144,0.3125,19,0.3958333333333333,24,0.5,0.10416666666666667,0.0,0.20833333333333334,6,17,1,0.5520833333333334,1,0
breakpoint_62,-0.9125270754186886,19,0.19791666666666666,13,0.5416666666666666,45,144,0.3125,20,0.4166666666666667,24,0.5,0.08333333333333333,-0.020833333333333332,0.1875,6,16,2,0.5416666666666666,1,0
interval_62_63,-0.9075392109879667,19,0.19791666666666666,13,0.5416666666666666,45,144,0.3125,20,0.4166666666666667,24,0.5,0.08333333333333333,-0.020833333333333332,0.1875,6,16,2,0.5416666666666666,1,0
breakpoint_63,-0.9025513465572448,19,0.19791666666666666,13,0.5416666666666666,45,144,0.3125,20,0.4166666666666667,25,0.5208333333333334,0.10416666666666667,0.0,0.20833333333333334,6,17,1,0.5520833333333333,1,0
interval_63_64,-0.9022275955343804,19,0.19791666666666666,13,0.5416666666666666,45,144,0.3125,20,0.4166666666666667,25,0.5208333333333334,0.10416666666666667,0.0,0.20833333333333334,6,17,1,0.5520833333333333,1,0
breakpoint_64,-0.9019038445115161,19,0.19791666666666666,13,0.5416666666666666,45,144,0.3125,20,0.4166666666666667,26,0.5416666666666666,0.125,0.020833333333333332,0.22916666666666666,7,16,1,0.5625,1,0
interval_64_65,-0.9017394263073326,19,0.19791666666666666,13,0.5416666666666666,45,144,0.3125,20,0.4166666666666667,26,0.5416666666666666,0.125,0.020833333333333332,0.22916666666666666,7,16,1,0.5625,1,0
breakpoint_65,-0.9015750081031492,19,0.19791666666666666,13,0.5416666666666666,45,144,0.3125,21,0.4375,26,0.5416666666666666,0.10416666666666667,-0.020833333333333332,0.20833333333333334,7,15,2,0.5520833333333333,1,0
interval_65_66,-0.8902206854991103,19,0.19791666666666666,13,0.5416666666666666,45,144,0.3125,21,0.4375,26,0.5416666666666666,0.10416666666666667,-0.020833333333333332,0.20833333333333334,7,15,2,0.5520833333333333,1,0
breakpoint_66,-0.8788663628950714,19,0.19791666666666666,13,0.5416666666666666,45,144,0.3125,21,0.4375,27,0.5625,0.125,0.020833333333333332,0.22916666666666666,7,16,1,0.5625,1,0
interval_66_67,-0.8773841869021823,19,0.19791666666666666,13,0.5416666666666666,45,144,0.3125,21,0.4375,27,0.5625,0.125,0.020833333333333332,0.22916666666666666,7,16,1,0.5625,1,0
breakpoint_67,-0.8759020109092932,20,0.20833333333333334,14,0.5833333333333334,48,144,0.3333333333333333,21,0.4375,27,0.5625,0.125,0.020833333333333332,0.22916666666666666,7,16,1,0.5625,1,1
interval_67_68,-0.8748851996296125,20,0.20833333333333334,14,0.5833333333333334,48,144,0.3333333333333333,21,0.4375,27,0.5625,0.125,0.020833333333333332,0.22916666666666666,7,16,1,0.5625,1,1
breakpoint_68,-0.8738683883499317,20,0.20833333333333334,14,0.5833333333333334,48,144,0.3333333333333333,22,0.4583333333333333,27,0.5625,0.10416666666666667,0.0,0.20833333333333334,6,17,1,0.5520833333333334,1,1
interval_68_69,-0.8736580988237539,20,0.20833333333333334,14,0.5833333333333334,48,144,0.3333333333333333,22,0.4583333333333333,27,0.5625,0.10416666666666667,0.0,0.20833333333333334,6,17,1,0.5520833333333334,1,1
breakpoint_69,-0.8734478092975759,21,0.21875,15,0.625,51,144,0.3541666666666667,22,0.4583333333333333,27,0.5625,0.10416666666666667,0.0,0.20833333333333334,6,17,1,0.5520833333333334,1,1
interval_69_70,-0.8710355794987036,21,0.21875,15,0.625,51,144,0.3541666666666667,22,0.4583333333333333,27,0.5625,0.10416666666666667,0.0,0.20833333333333334,6,17,1,0.5520833333333334,1,1
breakpoint_70,-0.8686233496998312,21,0.21875,15,0.625,51,144,0.3541666666666667,23,0.4791666666666667,27,0.5625,0.08333333333333333,0.0,0.1875,5,18,1,0.5416666666666666,1,1
interval_70_71,-0.8667932688339781,21,0.21875,15,0.625,51,144,0.3541666666666667,23,0.4791666666666667,27,0.5625,0.08333333333333333,0.0,0.1875,5,18,1,0.5416666666666666,1,1
breakpoint_71,-0.8649631879681251,22,0.22916666666666666,16,0.6666666666666666,54,144,0.375,23,0.4791666666666667,27,0.5625,0.08333333333333333,0.0,0.1875,5,18,1,0.5416666666666666,1,1
interval_71_72,-0.8624322145964987,22,0.22916666666666666,16,0.6666666666666666,54,144,0.375,23,0.4791666666666667,27,0.5625,0.08333333333333333,0.0,0.1875,5,18,1,0.5416666666666666,1,1
breakpoint_72,-0.8599012412248722,22,0.22916666666666666,16,0.6666666666666666,54,144,0.375,24,0.5,27,0.5625,0.0625,-0.020833333333333332,0.14583333333333334,4,19,1,0.53125,1,1
interval_72_73,-0.8578411136548914,22,0.22916666666666666,16,0.6666666666666666,54,144,0.375,24,0.5,27,0.5625,0.0625,-0.020833333333333332,0.14583333333333334,4,19,1,0.53125,1,1
breakpoint_73,-0.8557809860849104,22,0.22916666666666666,16,0.6666666666666666,54,144,0.375,25,0.5208333333333334,27,0.5625,0.041666666666666664,-0.0625,0.14583333333333334,4,18,2,0.5208333333333333,1,1
interval_73_74,-0.8546363506490053,22,0.22916666666666666,16,0.6666666666666666,54,144,0.375,25,0.5208333333333334,27,0.5625,0.041666666666666664,-0.0625,0.14583333333333334,4,18,2,0.5208333333333333,1,1
breakpoint_74,-0.8534917152131004,22,0.22916666666666666,16,0.6666666666666666,54,144,0.375,25,0.5208333333333334,28,0.5833333333333334,0.0625,-0.020833333333333332,0.14583333333333334,4,19,1,0.53125,1,1
interval_74_75,-0.8533962971126703,22,0.22916666666666666,16,0.6666666666666666,54,144,0.375,25,0.5208333333333334,28,0.5833333333333334,0.0625,-0.020833333333333332,0.14583333333333334,4,19,1,0.53125,1,1
breakpoint_75,-0.8533008790122403,23,0.23958333333333334,17,0.7083333333333334,57,144,0.3958333333333333,25,0.5208333333333334,28,0.5833333333333334,0.0625,-0.020833333333333332,0.14583333333333334,4,19,1,0.53125,1,1
interval_75_76,-0.8530237181130267,23,0.23958333333333334,17,0.7083333333333334,57,144,0.3958333333333333,25,0.5208333333333334,28,0.5833333333333334,0.0625,-0.020833333333333332,0.14583333333333334,4,19,1,0.53125,1,1
breakpoint_76,-0.852746557213813,23,0.23958333333333334,17,0.7083333333333334,57,144,0.3958333333333333,25,0.5208333333333334,29,0.6041666666666666,0.08333333333333333,0.020833333333333332,0.16666666666666666,4,20,0,0.5416666666666666,1,1
interval_76_77,-0.8517751985867161,23,0.23958333333333334,17,0.7083333333333334,57,144,0.3958333333333333,25,0.5208333333333334,29,0.6041666666666666,0.08333333333333333,0.020833333333333332,0.16666666666666666,4,20,0,0.5416666666666666,1,1
breakpoint_77,-0.8508038399596192,23,0.23958333333333334,17,0.7083333333333334,57,144,0.3958333333333333,26,0.5416666666666666,29,0.6041666666666666,0.0625,-0.020833333333333332,0.14583333333333334,4,19,1,0.53125,1,1
interval_77_78,-0.8466097334377811,23,0.23958333333333334,17,0.7083333333333334,57,144,0.3958333333333333,26,0.5416666666666666,29,0.6041666666666666,0.0625,-0.020833333333333332,0.14583333333333334,4,19,1,0.53125,1,1
breakpoint_78,-0.8424156269159432,24,0.25,18,0.75,60,144,0.4166666666666667,26,0.5416666666666666,29,0.6041666666666666,0.0625,-0.020833333333333332,0.14583333333333334,4,19,1,0.53125,1,1
interval_78_79,-0.8398148933833406,24,0.25,18,0.75,60,144,0.4166666666666667,26,0.5416666666666666,29,0.6041666666666666,0.0625,-0.020833333333333332,0.14583333333333334,4,19,1,0.53125,1,1
breakpoint_79,-0.837214159850738,25,0.2604166666666667,19,0.7916666666666666,63,144,0.4375,26,0.5416666666666666,29,0.6041666666666666,0.0625,-0.020833333333333332,0.14583333333333334,4,19,1,0.53125,1,1
interval_79_80,-0.8364839619638362,25,0.2604166666666667,19,0.7916666666666666,63,144,0.4375,26,0.5416666666666666,29,0.6041666666666666,0.0625,-0.020833333333333332,0.14583333333333334,4,19,1,0.53125,1,1
breakpoint_80,-0.8357537640769346,25,0.2604166666666667,19,0.7916666666666666,63,144,0.4375,27,0.5625,29,0.6041666666666666,0.041666666666666664,-0.041666666666666664,0.125,3,20,1,0.5208333333333333,1,1
interval_80_81,-0.8357192053372147,25,0.2604166666666667,19,0.7916666666666666,63,144,0.4375,27,0.5625,29,0.6041666666666666,0.041666666666666664,-0.041666666666666664,0.125,3,20,1,0.5208333333333333,1,1
breakpoint_81,-0.8356846465974949,26,0.2708333333333333,20,0.8333333333333334,66,144,0.4583333333333333,27,0.5625,29,0.6041666666666666,0.041666666666666664,-0.041666666666666664,0.125,3,20,1,0.5208333333333333,1,1
interval_81_82,-0.834041633073771,26,0.2708333333333333,20,0.8333333333333334,66,144,0.4583333333333333,27,0.5625,29,0.6041666666666666,0.041666666666666664,-0.041666666666666664,0.125,3,20,1,0.5208333333333333,1,1
breakpoint_82,-0.832398619550047,26,0.2708333333333333,20,0.8333333333333334,66,144,0.4583333333333333,28,0.5833333333333334,29,0.6041666666666666,0.020833333333333332,-0.041666666666666664,0.08333333333333333,2,21,1,0.5104166666666666,1,1
interval_82_83,-0.8306383706849723,26,0.2708333333333333,20,0.8333333333333334,66,144,0.4583333333333333,28,0.5833333333333334,29,0.6041666666666666,0.020833333333333332,-0.041666666666666664,0.08333333333333333,2,21,1,0.5104166666666666,1,1
breakpoint_83,-0.8288781218198974,26,0.2708333333333333,20,0.8333333333333334,66,144,0.4583333333333333,28,0.5833333333333334,30,0.625,0.041666666666666664,0.0,0.10416666666666667,2,22,0,0.5208333333333333,1,1
interval_83_84,-0.8253421031705628,26,0.2708333333333333,20,0.8333333333333334,66,144,0.4583333333333333,28,0.5833333333333334,30,0.625,0.041666666666666664,0.0,0.10416666666666667,2,22,0,0.5208333333333333,1,1
breakpoint_84,-0.821806084521228,26,0.2708333333333333,20,0.8333333333333334,66,144,0.4583333333333333,29,0.6041666666666666,30,0.625,0.020833333333333332,0.0,0.0625,1,23,0,0.5104166666666667,1,1
interval_84_85,-0.8196746057361308,26,0.2708333333333333,20,0.8333333333333334,66,144,0.4583333333333333,29,0.6041666666666666,30,0.625,0.020833333333333332,0.0,0.0625,1,23,0,0.5104166666666667,1,1
breakpoint_85,-0.8175431269510337,27,0.28125,21,0.875,69,144,0.4791666666666667,29,0.6041666666666666,30,0.625,0.020833333333333332,0.0,0.0625,1,23,0,0.5104166666666667,1,1
interval_85_86,-0.8081708601050386,27,0.28125,21,0.875,69,144,0.4791666666666667,29,0.6041666666666666,30,0.625,0.020833333333333332,0.0,0.0625,1,23,0,0.5104166666666667,1,1
breakpoint_86,-0.7987985932590433,28,0.2916666666666667,22,0.9166666666666666,72,144,0.5,29,0.6041666666666666,30,0.625,0.020833333333333332,0.0,0.0625,1,23,0,0.5104166666666667,1,1
interval_86_87,-0.7918400736903629,28,0.2916666666666667,22,0.9166666666666666,72,144,0.5,29,0.6041666666666666,30,0.625,0.020833333333333332,0.0,0.0625,1,23,0,0.5104166666666667,1,1
breakpoint_87,-0.7848815541216825,29,0.3020833333333333,23,0.9583333333333334,75,144,0.5208333333333334,29,0.6041666666666666,30,0.625,0.020833333333333332,0.0,0.0625,1,23,0,0.5104166666666667,1,1
interval_87_88,-0.7664545976845164,29,0.3020833333333333,23,0.9583333333333334,75,144,0.5208333333333334,29,0.6041666666666666,30,0.625,0.020833333333333332,0.0,0.0625,1,23,0,0.5104166666666667,1,1
breakpoint_88,-0.7480276412473503,29,0.3020833333333333,23,0.9583333333333334,75,144,0.5208333333333334,30,0.625,30,0.625,0.0,0.0,0.0,0,24,0,0.5,1,1
interval_88_89,-0.739387695197341,29,0.3020833333333333,23,0.9583333333333334,75,144,0.5208333333333334,30,0.625,30,0.625,0.0,0.0,0.0,0,24,0,0.5,1,1
breakpoint_89,-0.7307477491473319,30,0.3125,24,1.0,78,144,0.5416666666666666,30,0.625,30,0.625,0.0,0.0,0.0,0,24,0,0.5,1,1
interval_89_90,-0.675397115790811,30,0.3125,24,1.0,78,144,0.5416666666666666,30,0.625,30,0.625,0.0,0.0,0.0,0,24,0,0.5,1,1
breakpoint_90,-0.6200464824342902,30,0.3125,24,1.0,78,144,0.5416666666666666,30,0.625,31,0.6458333333333334,0.020833333333333332,0.0,0.0625,1,23,0,0.5104166666666667,1,1
interval_90_91,-0.4410653821036242,30,0.3125,24,1.0,78,144,0.5416666666666666,30,0.625,31,0.6458333333333334,0.020833333333333332,0.0,0.0625,1,23,0,0.5104166666666667,1,1
breakpoint_91,-0.26208428177295834,30,0.3125,24,1.0,78,144,0.5416666666666666,30,0.625,32,0.6666666666666666,0.041666666666666664,0.0,0.10416666666666667,2,22,0,0.5208333333333333,1,1
interval_91_92,-0.2526788591542607,30,0.3125,24,1.0,78,144,0.5416666666666666,30,0.625,32,0.6666666666666666,0.041666666666666664,0.0,0.10416666666666667,2,22,0,0.5208333333333333,1,1
breakpoint_92,-0.24327343653556308,30,0.3125,24,1.0,78,144,0.5416666666666666,30,0.625,33,0.6875,0.0625,0.0,0.125,3,21,0,0.53125,1,1
interval_92_93,-0.21537571142749984,30,0.3125,24,1.0,78,144,0.5416666666666666,30,0.625,33,0.6875,0.0625,0.0,0.125,3,21,0,0.53125,1,1
breakpoint_93,-0.1874779863194366,31,0.3229166666666667,24,1.0,77,144,0.5347222222222222,30,0.625,33,0.6875,0.0625,0.0,0.125,3,21,0,0.53125,1,1
interval_93_94,-0.1826724019390074,31,0.3229166666666667,24,1.0,77,144,0.5347222222222222,30,0.625,33,0.6875,0.0625,0.0,0.125,3,21,0,0.53125,1,1
breakpoint_94,-0.1778668175585782,32,0.3333333333333333,24,1.0,76,144,0.5277777777777778,30,0.625,33,0.6875,0.0625,0.0,0.125,3,21,0,0.53125,1,1
interval_94_95,-0.17100414879041956,32,0.3333333333333333,24,1.0,76,144,0.5277777777777778,30,0.625,33,0.6875,0.0625,0.0,0.125,3,21,0,0.53125,1,1
breakpoint_95,-0.16414148002226092,33,0.34375,24,1.0,75,144,0.5208333333333334,30,0.625,33,0.6875,0.0625,0.0,0.125,3,21,0,0.53125,1,1
interval_95_96,-0.1606237388374721,33,0.34375,24,1.0,75,144,0.5208333333333334,30,0.625,33,0.6875,0.0625,0.0,0.125,3,21,0,0.53125,1,1
breakpoint_96,-0.15710599765268332,33,0.34375,24,1.0,75,144,0.5208333333333334,30,0.625,34,0.7083333333333334,0.08333333333333333,0.020833333333333332,0.16666666666666666,4,20,0,0.5416666666666667,1,1
interval_96_97,-0.13916066754964906,33,0.34375,24,1.0,75,144,0.5208333333333334,30,0.625,34,0.7083333333333334,0.08333333333333333,0.020833333333333332,0.16666666666666666,4,20,0,0.5416666666666667,1,1
breakpoint_97,-0.12121533744661481,33,0.34375,24,1.0,75,144,0.5208333333333334,30,0.625,35,0.7291666666666666,0.10416666666666667,0.020833333333333332,0.1875,5,19,0,0.5520833333333333,1,1
interval_97_98,-0.12023955469695771,33,0.34375,24,1.0,75,144,0.5208333333333334,30,0.625,35,0.7291666666666666,0.10416666666666667,0.020833333333333332,0.1875,5,19,0,0.5520833333333333,1,1
breakpoint_98,-0.11926377194730062,34,0.3541666666666667,24,1.0,74,144,0.5138888888888888,30,0.625,35,0.7291666666666666,0.10416666666666667,0.020833333333333332,0.1875,5,19,0,0.5520833333333333,1,1
interval_98_99,-0.11004555106037556,34,0.3541666666666667,24,1.0,74,144,0.5138888888888888,30,0.625,35,0.7291666666666666,0.10416666666666667,0.020833333333333332,0.1875,5,19,0,0.5520833333333333,1,1
breakpoint_99,-0.1008273301734505,35,0.3645833333333333,23,0.9583333333333334,71,144,0.4930555555555556,30,0.625,35,0.7291666666666666,0.10416666666666667,0.020833333333333332,0.1875,5,19,0,0.5520833333333333,1,1
interval_99_100,-0.09578266304027655,35,0.3645833333333333,23,0.9583333333333334,71,144,0.4930555555555556,30,0.625,35,0.7291666666666666,0.10416666666666667,0.020833333333333332,0.1875,5,19,0,0.5520833333333333,1,1
breakpoint_100,-0.09073799590710259,36,0.375,22,0.9166666666666666,68,144,0.4722222222222222,30,0.625,35,0.7291666666666666,0.10416666666666667,0.020833333333333332,0.1875,5,19,0,0.5520833333333333,1,1
interval_100_101,-0.08623494945398068,36,0.375,22,0.9166666666666666,68,144,0.4722222222222222,30,0.625,35,0.7291666666666666,0.10416666666666667,0.020833333333333332,0.1875,5,19,0,0.5520833333333333,1,1
breakpoint_101,-0.08173190300085877,37,0.3854166666666667,22,0.9166666666666666,67,144,0.4652777777777778,30,0.625,35,0.7291666666666666,0.10416666666666667,0.020833333333333332,0.1875,5,19,0,0.5520833333333333,1,1
interval_101_102,-0.07926846279185816,37,0.3854166666666667,22,0.9166666666666666,67,144,0.4652777777777778,30,0.625,35,0.7291666666666666,0.10416666666666667,0.020833333333333332,0.1875,5,19,0,0.5520833333333333,1,1
breakpoint_102,-0.07680502258285755,38,0.3958333333333333,22,0.9166666666666666,66,144,0.4583333333333333,30,0.625,35,0.7291666666666666,0.10416666666666667,0.020833333333333332,0.1875,5,19,0,0.5520833333333333,1,1
interval_102_103,-0.056816580585999546,38,0.3958333333333333,22,0.9166666666666666,66,144,0.4583333333333333,30,0.625,35,0.7291666666666666,0.10416666666666667,0.020833333333333332,0.1875,5,19,0,0.5520833333333333,1,1
breakpoint_103,-0.036828138589141544,39,0.40625,21,0.875,63,144,0.4375,30,0.625,35,0.7291666666666666,0.10416666666666667,0.020833333333333332,0.1875,5,19,0,0.5520833333333333,1,1
interval_103_104,-0.03173484339103934,39,0.40625,21,0.875,63,144,0.4375,30,0.625,35,0.7291666666666666,0.10416666666666667,0.020833333333333332,0.1875,5,19,0,0.5520833333333333,1,1
breakpoint_104,-0.026641548192937136,40,0.4166666666666667,20,0.8333333333333334,60,144,0.4166666666666667,30,0.625,35,0.7291666666666666,0.10416666666666667,0.020833333333333332,0.1875,5,19,0,0.5520833333333333,1,1
interval_104_105,-0.023411175975498577,40,0.4166666666666667,20,0.8333333333333334,60,144,0.4166666666666667,30,0.625,35,0.7291666666666666,0.10416666666666667,0.020833333333333332,0.1875,5,19,0,0.5520833333333333,1,1
breakpoint_105,-0.020180803758060018,41,0.4270833333333333,20,0.8333333333333334,61,144,0.4236111111111111,30,0.625,35,0.7291666666666666,0.10416666666666667,0.020833333333333332,0.1875,5,19,0,0.5520833333333333,1,1
interval_105_106,-0.01027223858037271,41,0.4270833333333333,20,0.8333333333333334,61,144,0.4236111111111111,30,0.625,35,0.7291666666666666,0.10416666666666667,0.020833333333333332,0.1875,5,19,0,0.5520833333333333,1,1
breakpoint_106,-0.0003636734026853997,41,0.4270833333333333,20,0.8333333333333334,61,144,0.4236111111111111,30,0.625,36,0.75,0.125,0.041666666666666664,0.20833333333333334,6,18,0,0.5625,1,1
interval_106_107,0.005559023268057292,41,0.4270833333333333,20,0.8333333333333334,61,144,0.4236111111111111,30,0.625,36,0.75,0.125,0.041666666666666664,0.20833333333333334,6,18,0,0.5625,1,1
breakpoint_107,0.011481719938799984,42,0.4375,19,0.7916666666666666,58,144,0.4027777777777778,30,0.625,36,0.75,0.125,0.041666666666666664,0.20833333333333334,6,18,0,0.5625,1,1
interval_107_108,0.014479404569663363,42,0.4375,19,0.7916666666666666,58,144,0.4027777777777778,30,0.625,36,0.75,0.125,0.041666666666666664,0.20833333333333334,6,18,0,0.5625,1,1
breakpoint_108,0.017477089200526742,43,0.4479166666666667,19,0.7916666666666666,59,144,0.4097222222222222,30,0.625,36,0.75,0.125,0.041666666666666664,0.20833333333333334,6,18,0,0.5625,1,1
interval_108_109,0.023297735920398615,43,0.4479166666666667,19,0.7916666666666666,59,144,0.4097222222222222,30,0.625,36,0.75,0.125,0.041666666666666664,0.20833333333333334,6,18,0,0.5625,1,1
breakpoint_109,0.029118382640270488,44,0.4583333333333333,18,0.75,56,144,0.3888888888888889,30,0.625,36,0.75,0.125,0.041666666666666664,0.20833333333333334,6,18,0,0.5625,1,1
interval_109_110,0.02922903882882661,44,0.4583333333333333,18,0.75,56,144,0.3888888888888889,30,0.625,36,0.75,0.125,0.041666666666666664,0.20833333333333334,6,18,0,0.5625,1,1
breakpoint_110,0.029339695017382737,45,0.46875,18,0.75,57,144,0.3958333333333333,30,0.625,36,0.75,0.125,0.041666666666666664,0.20833333333333334,6,18,0,0.5625,1,1
interval_110_111,0.03639699966840185,45,0.46875,18,0.75,57,144,0.3958333333333333,30,0.625,36,0.75,0.125,0.041666666666666664,0.20833333333333334,6,18,0,0.5625,1,1
breakpoint_111,0.04345430431942096,45,0.46875,18,0.75,57,144,0.3958333333333333,31,0.6458333333333334,36,0.75,0.10416666666666667,0.0,0.20833333333333334,6,17,1,0.5520833333333333,1,1
interval_111_112,0.043490865795663455,45,0.46875,18,0.75,57,144,0.3958333333333333,31,0.6458333333333334,36,0.75,0.10416666666666667,0.0,0.20833333333333334,6,17,1,0.5520833333333333,1,1
breakpoint_112,0.04352742727190595,46,0.4791666666666667,18,0.75,58,144,0.4027777777777778,31,0.6458333333333334,36,0.75,0.10416666666666667,0.0,0.20833333333333334,6,17,1,0.5520833333333333,1,1
interval_112_113,0.05249126637576073,46,0.4791666666666667,18,0.75,58,144,0.4027777777777778,31,0.6458333333333334,36,0.75,0.10416666666666667,0.0,0.20833333333333334,6,17,1,0.5520833333333333,1,1
breakpoint_113,0.06145510547961551,47,0.4895833333333333,18,0.75,59,144,0.4097222222222222,31,0.6458333333333334,36,0.75,0.10416666666666667,0.0,0.20833333333333334,6,17,1,0.5520833333333333,1,1
interval_113_114,0.06172598809743758,47,0.4895833333333333,18,0.75,59,144,0.4097222222222222,31,0.6458333333333334,36,0.75,0.10416666666666667,0.0,0.20833333333333334,6,17,1,0.5520833333333333,1,1
breakpoint_114,0.06199687071525966,48,0.5,18,0.75,60,144,0.4166666666666667,31,0.6458333333333334,36,0.75,0.10416666666666667,0.0,0.20833333333333334,6,17,1,0.5520833333333333,1,1
interval_114_115,0.06463783551240747,48,0.5,18,0.75,60,144,0.4166666666666667,31,0.6458333333333334,36,0.75,0.10416666666666667,0.0,0.20833333333333334,6,17,1,0.5520833333333333,1,1
breakpoint_115,0.06727880030955528,49,0.5104166666666666,18,0.75,61,144,0.4236111111111111,31,0.6458333333333334,36,0.75,0.10416666666666667,0.0,0.20833333333333334,6,17,1,0.5520833333333333,1,1
interval_115_116,0.06868649828946671,49,0.5104166666666666,18,0.75,61,144,0.4236111111111111,31,0.6458333333333334,36,0.75,0.10416666666666667,0.0,0.20833333333333334,6,17,1,0.5520833333333333,1,1
breakpoint_116,0.07009419626937816,49,0.5104166666666666,18,0.75,61,144,0.4236111111111111,32,0.6666666666666666,36,0.75,0.08333333333333333,-0.020833333333333332,0.1875,6,16,2,0.5416666666666667,1,1
interval_116_117,0.07062934874553675,49,0.5104166666666666,18,0.75,61,144,0.4236111111111111,32,0.6666666666666666,36,0.75,0.08333333333333333,-0.020833333333333332,0.1875,6,16,2,0.5416666666666667,1,1
breakpoint_117,0.07116450122169536,50,0.5208333333333334,18,0.75,62,144,0.4305555555555556,32,0.6666666666666666,36,0.75,0.08333333333333333,-0.020833333333333332,0.1875,6,16,2,0.5416666666666667,1,1
interval_117_118,0.0721616858428436,50,0.5208333333333334,18,0.75,62,144,0.4305555555555556,32,0.6666666666666666,36,0.75,0.08333333333333333,-0.020833333333333332,0.1875,6,16,2,0.5416666666666667,1,1
breakpoint_118,0.07315887046399183,50,0.5208333333333334,18,0.75,62,144,0.4305555555555556,32,0.6666666666666666,37,0.7708333333333334,0.10416666666666667,0.0,0.20833333333333334,6,17,1,0.5520833333333334,1,1
interval_118_119,0.07370608830266116,50,0.5208333333333334,18,0.75,62,144,0.4305555555555556,32,0.6666666666666666,37,0.7708333333333334,0.10416666666666667,0.0,0.20833333333333334,6,17,1,0.5520833333333334,1,1
breakpoint_119,0.0742533061413305,50,0.5208333333333334,18,0.75,62,144,0.4305555555555556,33,0.6875,37,0.7708333333333334,0.08333333333333333,-0.020833333333333332,0.1875,6,16,2,0.5416666666666667,1,1
interval_119_120,0.07792549912336112,50,0.5208333333333334,18,0.75,62,144,0.4305555555555556,33,0.6875,37,0.7708333333333334,0.08333333333333333,-0.020833333333333332,0.1875,6,16,2,0.5416666666666667,1,1
breakpoint_120,0.08159769210539175,51,0.53125,18,0.75,61,144,0.4236111111111111,33,0.6875,37,0.7708333333333334,0.08333333333333333,-0.020833333333333332,0.1875,6,16,2,0.5416666666666667,1,1
interval_120_121,0.0817890416827897,51,0.53125,18,0.75,61,144,0.4236111111111111,33,0.6875,37,0.7708333333333334,0.08333333333333333,-0.020833333333333332,0.1875,6,16,2,0.5416666666666667,1,1
breakpoint_121,0.08198039126018766,52,0.5416666666666666,18,0.75,60,144,0.4166666666666667,33,0.6875,37,0.7708333333333334,0.08333333333333333,-0.020833333333333332,0.1875,6,16,2,0.5416666666666667,1,1
interval_121_122,0.09001401759578319,52,0.5416666666666666,18,0.75,60,144,0.4166666666666667,33,0.6875,37,0.7708333333333334,0.08333333333333333,-0.020833333333333332,0.1875,6,16,2,0.5416666666666667,1,1
breakpoint_122,0.09804764393137871,52,0.5416666666666666,18,0.75,60,144,0.4166666666666667,34,0.7083333333333334,37,0.7708333333333334,0.0625,-0.041666666666666664,0.16666666666666666,5,17,2,0.53125,1,1
interval_122_123,0.09868367678052788,52,0.5416666666666666,18,0.75,60,144,0.4166666666666667,34,0.7083333333333334,37,0.7708333333333334,0.0625,-0.041666666666666664,0.16666666666666666,5,17,2,0.53125,1,1
breakpoint_123,0.09931970962967704,53,0.5520833333333334,18,0.75,61,144,0.4236111111111111,34,0.7083333333333334,37,0.7708333333333334,0.0625,-0.041666666666666664,0.16666666666666666,5,17,2,0.53125,1,1
interval_123_124,0.10329752539604026,53,0.5520833333333334,18,0.75,61,144,0.4236111111111111,34,0.7083333333333334,37,0.7708333333333334,0.0625,-0.041666666666666664,0.16666666666666666,5,17,2,0.53125,1,1
breakpoint_124,0.10727534116240349,54,0.5625,18,0.75,62,144,0.4305555555555556,34,0.7083333333333334,37,0.7708333333333334,0.0625,-0.041666666666666664,0.16666666666666666,5,17,2,0.53125,1,1
interval_124_125,0.10969031272256458,54,0.5625,18,0.75,62,144,0.4305555555555556,34,0.7083333333333334,37,0.7708333333333334,0.0625,-0.041666666666666664,0.16666666666666666,5,17,2,0.53125,1,1
breakpoint_125,0.11210528428272566,55,0.5729166666666666,18,0.75,63,144,0.4375,34,0.7083333333333334,37,0.7708333333333334,0.0625,-0.041666666666666664,0.16666666666666666,5,17,2,0.53125,1,1
interval_125_126,0.11235334484968731,55,0.5729166666666666,18,0.75,63,144,0.4375,34,0.7083333333333334,37,0.7708333333333334,0.0625,-0.041666666666666664,0.16666666666666666,5,17,2,0.53125,1,1
breakpoint_126,0.11260140541664895,55,0.5729166666666666,18,0.75,63,144,0.4375,34,0.7083333333333334,38,0.7916666666666666,0.08333333333333333,-0.020833333333333332,0.1875,6,16,2,0.5416666666666666,1,1
interval_126_127,0.11260447210040533,55,0.5729166666666666,18,0.75,63,144,0.4375,34,0.7083333333333334,38,0.7916666666666666,0.08333333333333333,-0.020833333333333332,0.1875,6,16,2,0.5416666666666666,1,1
breakpoint_127,0.11260753878416171,55,0.5729166666666666,18,0.75,63,144,0.4375,34,0.7083333333333334,39,0.8125,0.10416666666666667,0.0,0.20833333333333334,6,17,1,0.5520833333333333,1,1
interval_127_128,0.1162678937451621,55,0.5729166666666666,18,0.75,63,144,0.4375,34,0.7083333333333334,39,0.8125,0.10416666666666667,0.0,0.20833333333333334,6,17,1,0.5520833333333333,1,1
breakpoint_128,0.11992824870616248,56,0.5833333333333334,18,0.75,62,144,0.4305555555555556,34,0.7083333333333334,39,0.8125,0.10416666666666667,0.0,0.20833333333333334,6,17,1,0.5520833333333333,1,1
interval_128_129,0.1220202407002609,56,0.5833333333333334,18,0.75,62,144,0.4305555555555556,34,0.7083333333333334,39,0.8125,0.10416666666666667,0.0,0.20833333333333334,6,17,1,0.5520833333333333,1,1
breakpoint_129,0.12411223269435935,57,0.59375,18,0.75,63,144,0.4375,34,0.7083333333333334,39,0.8125,0.10416666666666667,0.0,0.20833333333333334,6,17,1,0.5520833333333333,1,1
interval_129_130,0.12806572293148522,57,0.59375,18,0.75,63,144,0.4375,34,0.7083333333333334,39,0.8125,0.10416666666666667,0.0,0.20833333333333334,6,17,1,0.5520833333333333,1,1
breakpoint_130,0.1320192131686111,58,0.6041666666666666,18,0.75,64,144,0.4444444444444444,34,0.7083333333333334,39,0.8125,0.10416666666666667,0.0,0.20833333333333334,6,17,1,0.5520833333333333,1,1
interval_130_131,0.13864222073872023,58,0.6041666666666666,18,0.75,64,144,0.4444444444444444,34,0.7083333333333334,39,0.8125,0.10416666666666667,0.0,0.20833333333333334,6,17,1,0.5520833333333333,1,1
breakpoint_131,0.14526522830882935,59,0.6145833333333334,18,0.75,65,144,0.4513888888888889,34,0.7083333333333334,39,0.8125,0.10416666666666667,0.0,0.20833333333333334,6,17,1,0.5520833333333333,1,1
interval_131_132,0.1478416673058937,59,0.6145833333333334,18,0.75,65,144,0.4513888888888889,34,0.7083333333333334,39,0.8125,0.10416666666666667,0.0,0.20833333333333334,6,17,1,0.5520833333333333,1,1
breakpoint_132,0.15041810630295807,59,0.6145833333333334,18,0.75,65,144,0.4513888888888889,34,0.7083333333333334,40,0.8333333333333334,0.125,0.020833333333333332,0.22916666666666666,7,16,1,0.5625,1,1
interval_132_133,0.15117727738923187,59,0.6145833333333334,18,0.75,65,144,0.4513888888888889,34,0.7083333333333334,40,0.8333333333333334,0.125,0.020833333333333332,0.22916666666666666,7,16,1,0.5625,1,1
breakpoint_133,0.15193644847550564,59,0.6145833333333334,18,0.75,65,144,0.4513888888888889,34,0.7083333333333334,41,0.8541666666666666,0.14583333333333334,0.041666666666666664,0.25,8,15,1,0.5729166666666666,1,1
interval_133_134,0.15215354187933178,59,0.6145833333333334,18,0.75,65,144,0.4513888888888889,34,0.7083333333333334,41,0.8541666666666666,0.14583333333333334,0.041666666666666664,0.25,8,15,1,0.5729166666666666,1,1
breakpoint_134,0.15237063528315792,59,0.6145833333333334,18,0.75,65,144,0.4513888888888889,35,0.7291666666666666,41,0.8541666666666666,0.125,0.020833333333333332,0.22916666666666666,7,16,1,0.5625,1,1
interval_134_135,0.15267623062176933,59,0.6145833333333334,18,0.75,65,144,0.4513888888888889,35,0.7291666666666666,41,0.8541666666666666,0.125,0.020833333333333332,0.22916666666666666,7,16,1,0.5625,1,1
breakpoint_135,0.1529818259603807,59,0.6145833333333334,18,0.75,65,144,0.4513888888888889,36,0.75,41,0.8541666666666666,0.10416666666666667,0.0,0.20833333333333334,6,17,1,0.5520833333333333,1,1
interval_135_136,0.15615169236415258,59,0.6145833333333334,18,0.75,65,144,0.4513888888888889,36,0.75,41,0.8541666666666666,0.10416666666666667,0.0,0.20833333333333334,6,17,1,0.5520833333333333,1,1
breakpoint_136,0.15932155876792445,59,0.6145833333333334,18,0.75,65,144,0.4513888888888889,36,0.75,42,0.875,0.125,0.041666666666666664,0.20833333333333334,6,18,0,0.5625,1,1
interval_136_137,0.16071022059521697,59,0.6145833333333334,18,0.75,65,144,0.4513888888888889,36,0.75,42,0.875,0.125,0.041666666666666664,0.20833333333333334,6,18,0,0.5625,1,1
breakpoint_137,0.1620988824225095,59,0.6145833333333334,18,0.75,65,144,0.4513888888888889,37,0.7708333333333334,42,0.875,0.10416666666666667,0.0,0.20833333333333334,6,17,1,0.5520833333333333,1,1
interval_137_138,0.16406027966379264,59,0.6145833333333334,18,0.75,65,144,0.4513888888888889,37,0.7708333333333334,42,0.875,0.10416666666666667,0.0,0.20833333333333334,6,17,1,0.5520833333333333,1,1
breakpoint_138,0.16602167690507577,59,0.6145833333333334,18,0.75,65,144,0.4513888888888889,38,0.7916666666666666,42,0.875,0.08333333333333333,-0.020833333333333332,0.1875,6,16,2,0.5416666666666667,1,1
interval_138_139,0.16763312203737968,59,0.6145833333333334,18,0.75,65,144,0.4513888888888889,38,0.7916666666666666,42,0.875,0.08333333333333333,-0.020833333333333332,0.1875,6,16,2,0.5416666666666667,1,1
breakpoint_139,0.16924456716968356,59,0.6145833333333334,18,0.75,65,144,0.4513888888888889,38,0.7916666666666666,43,0.8958333333333334,0.10416666666666667,0.0,0.20833333333333334,7,15,2,0.5520833333333334,1,1
interval_139_140,0.1709757376551086,59,0.6145833333333334,18,0.75,65,144,0.4513888888888889,38,0.7916666666666666,43,0.8958333333333334,0.10416666666666667,0.0,0.20833333333333334,7,15,2,0.5520833333333334,1,1
breakpoint_140,0.1727069081405336,60,0.625,18,0.75,64,144,0.4444444444444444,38,0.7916666666666666,43,0.8958333333333334,0.10416666666666667,0.0,0.20833333333333334,7,15,2,0.5520833333333334,1,1
interval_140_141,0.17272310790485026,60,0.625,18,0.75,64,144,0.4444444444444444,38,0.7916666666666666,43,0.8958333333333334,0.10416666666666667,0.0,0.20833333333333334,7,15,2,0.5520833333333334,1,1
breakpoint_141,0.17273930766916692,61,0.6354166666666666,18,0.75,65,144,0.4513888888888889,38,0.7916666666666666,43,0.8958333333333334,0.10416666666666667,0.0,0.20833333333333334,7,15,2,0.5520833333333334,1,1
interval_141_142,0.17481561647997723,61,0.6354166666666666,18,0.75,65,144,0.4513888888888889,38,0.7916666666666666,43,0.8958333333333334,0.10416666666666667,0.0,0.20833333333333334,7,15,2,0.5520833333333334,1,1
breakpoint_142,0.1768919252907875,62,0.6458333333333334,18,0.75,64,144,0.4444444444444444,38,0.7916666666666666,43,0.8958333333333334,0.10416666666666667,0.0,0.20833333333333334,7,15,2,0.5520833333333334,1,1
interval_142_143,0.18103982294446117,62,0.6458333333333334,18,0.75,64,144,0.4444444444444444,38,0.7916666666666666,43,0.8958333333333334,0.10416666666666667,0.0,0.20833333333333334,7,15,2,0.5520833333333334,1,1
breakpoint_143,0.18518772059813482,62,0.6458333333333334,18,0.75,64,144,0.4444444444444444,39,0.8125,43,0.8958333333333334,0.08333333333333333,-0.020833333333333332,0.1875,6,16,2,0.5416666666666667,1,1
interval_143_144,0.19463242431367567,62,0.6458333333333334,18,0.75,64,144,0.4444444444444444,39,0.8125,43,0.8958333333333334,0.08333333333333333,-0.020833333333333332,0.1875,6,16,2,0.5416666666666667,1,1
breakpoint_144,0.20407712802921654,63,0.65625,18,0.75,65,144,0.4513888888888889,39,0.8125,43,0.8958333333333334,0.08333333333333333,-0.020833333333333332,0.1875,6,16,2,0.5416666666666667,1,1
interval_144_145,0.20908845544861548,63,0.65625,18,0.75,65,144,0.4513888888888889,39,0.8125,43,0.8958333333333334,0.08333333333333333,-0.020833333333333332,0.1875,6,16,2,0.5416666666666667,1,1
breakpoint_145,0.21409978286801445,63,0.65625,18,0.75,65,144,0.4513888888888889,40,0.8333333333333334,43,0.8958333333333334,0.0625,-0.0625,0.1875,6,15,3,0.53125,1,1
interval_145_146,0.21649155320515984,63,0.65625,18,0.75,65,144,0.4513888888888889,40,0.8333333333333334,43,0.8958333333333334,0.0625,-0.0625,0.1875,6,15,3,0.53125,1,1
breakpoint_146,0.2188833235423052,64,0.6666666666666666,18,0.75,66,144,0.4583333333333333,40,0.8333333333333334,43,0.8958333333333334,0.0625,-0.0625,0.1875,6,15,3,0.53125,1,1
interval_146_147,0.23290093670549922,64,0.6666666666666666,18,0.75,66,144,0.4583333333333333,40,0.8333333333333334,43,0.8958333333333334,0.0625,-0.0625,0.1875,6,15,3,0.53125,1,1
breakpoint_147,0.24691854986869324,65,0.6770833333333334,18,0.75,65,144,0.4513888888888889,40,0.8333333333333334,43,0.8958333333333334,0.0625,-0.0625,0.1875,6,15,3,0.53125,1,1
interval_147_148,0.2600585438567702,65,0.6770833333333334,18,0.75,65,144,0.4513888888888889,40,0.8333333333333334,43,0.8958333333333334,0.0625,-0.0625,0.1875,6,15,3,0.53125,1,1
breakpoint_148,0.2731985378448471,65,0.6770833333333334,18,0.75,65,144,0.4513888888888889,40,0.8333333333333334,44,0.9166666666666666,0.08333333333333333,-0.020833333333333332,0.1875,6,16,2,0.5416666666666666,1,1
interval_148_149,0.27861902723447135,65,0.6770833333333334,18,0.75,65,144,0.4513888888888889,40,0.8333333333333334,44,0.9166666666666666,0.08333333333333333,-0.020833333333333332,0.1875,6,16,2,0.5416666666666666,1,1
breakpoint_149,0.2840395166240956,65,0.6770833333333334,18,0.75,65,144,0.4513888888888889,40,0.8333333333333334,45,0.9375,0.10416666666666667,0.0,0.20833333333333334,6,17,1,0.5520833333333333,1,1
interval_149_150,0.28645458353559206,65,0.6770833333333334,18,0.75,65,144,0.4513888888888889,40,0.8333333333333334,45,0.9375,0.10416666666666667,0.0,0.20833333333333334,6,17,1,0.5520833333333333,1,1
breakpoint_150,0.28886965044708857,66,0.6875,18,0.75,64,144,0.4444444444444444,40,0.8333333333333334,45,0.9375,0.10416666666666667,0.0,0.20833333333333334,6,17,1,0.5520833333333333,1,1
interval_150_151,0.2982584308825798,66,0.6875,18,0.75,64,144,0.4444444444444444,40,0.8333333333333334,45,0.9375,0.10416666666666667,0.0,0.20833333333333334,6,17,1,0.5520833333333333,1,1
breakpoint_151,0.30764721131807105,66,0.6875,18,0.75,64,144,0.4444444444444444,40,0.8333333333333334,46,0.9583333333333334,0.125,0.041666666666666664,0.20833333333333334,6,18,0,0.5625,1,1
interval_151_152,0.31634609576641887,66,0.6875,18,0.75,64,144,0.4444444444444444,40,0.8333333333333334,46,0.9583333333333334,0.125,0.041666666666666664,0.20833333333333334,6,18,0,0.5625,1,1
breakpoint_152,0.3250449802147667,66,0.6875,18,0.75,64,144,0.4444444444444444,40,0.8333333333333334,47,0.9791666666666666,0.14583333333333334,0.0625,0.22916666666666666,7,17,0,0.5729166666666666,1,1
interval_152_153,0.32801636530327793,66,0.6875,18,0.75,64,144,0.4444444444444444,40,0.8333333333333334,47,0.9791666666666666,0.14583333333333334,0.0625,0.22916666666666666,7,17,0,0.5729166666666666,1,1
breakpoint_153,0.3309877503917891,66,0.6875,18,0.75,64,144,0.4444444444444444,41,0.8541666666666666,47,0.9791666666666666,0.125,0.020833333333333332,0.22916666666666666,7,16,1,0.5625,1,1
interval_153_154,0.33148106446393366,66,0.6875,18,0.75,64,144,0.4444444444444444,41,0.8541666666666666,47,0.9791666666666666,0.125,0.020833333333333332,0.22916666666666666,7,16,1,0.5625,1,1
breakpoint_154,0.33197437853607814,67,0.6979166666666666,18,0.75,65,144,0.4513888888888889,41,0.8541666666666666,47,0.9791666666666666,0.125,0.020833333333333332,0.22916666666666666,7,16,1,0.5625,1,1
interval_154_155,0.33864562481559,67,0.6979166666666666,18,0.75,65,144,0.4513888888888889,41,0.8541666666666666,47,0.9791666666666666,0.125,0.020833333333333332,0.22916666666666666,7,16,1,0.5625,1,1
breakpoint_155,0.3453168710951019,67,0.6979166666666666,18,0.75,65,144,0.4513888888888889,42,0.875,47,0.9791666666666666,0.10416666666666667,0.0,0.20833333333333334,6,17,1,0.5520833333333333,1,1
interval_155_156,0.35126600278303777,67,0.6979166666666666,18,0.75,65,144,0.4513888888888889,42,0.875,47,0.9791666666666666,0.10416666666666667,0.0,0.20833333333333334,6,17,1,0.5520833333333333,1,1
breakpoint_156,0.35721513447097364,68,0.7083333333333334,18,0.75,64,144,0.4444444444444444,42,0.875,47,0.9791666666666666,0.10416666666666667,0.0,0.20833333333333334,6,17,1,0.5520833333333333,1,1
interval_156_157,0.35833883571816116,68,0.7083333333333334,18,0.75,64,144,0.4444444444444444,42,0.875,47,0.9791666666666666,0.10416666666666667,0.0,0.20833333333333334,6,17,1,0.5520833333333333,1,1
breakpoint_157,0.3594625369653487,69,0.71875,18,0.75,63,144,0.4375,42,0.875,47,0.9791666666666666,0.10416666666666667,0.0,0.20833333333333334,6,17,1,0.5520833333333333,1,1
interval_157_158,0.35957888585953446,69,0.71875,18,0.75,63,144,0.4375,42,0.875,47,0.9791666666666666,0.10416666666666667,0.0,0.20833333333333334,6,17,1,0.5520833333333333,1,1
breakpoint_158,0.35969523475372017,70,0.7291666666666666,18,0.75,62,144,0.4305555555555556,42,0.875,47,0.9791666666666666,0.10416666666666667,0.0,0.20833333333333334,6,17,1,0.5520833333333333,1,1
interval_158_159,0.3608752006646956,70,0.7291666666666666,18,0.75,62,144,0.4305555555555556,42,0.875,47,0.9791666666666666,0.10416666666666667,0.0,0.20833333333333334,6,17,1,0.5520833333333333,1,1
breakpoint_159,0.362055166575671,70,0.7291666666666666,18,0.75,62,144,0.4305555555555556,43,0.8958333333333334,47,0.9791666666666666,0.08333333333333333,0.0,0.1875,5,18,1,0.5416666666666666,1,1
interval_159_160,0.3679281415336804,70,0.7291666666666666,18,0.75,62,144,0.4305555555555556,43,0.8958333333333334,47,0.9791666666666666,0.08333333333333333,0.0,0.1875,5,18,1,0.5416666666666666,1,1
breakpoint_160,0.37380111649168984,71,0.7395833333333334,18,0.75,61,144,0.4236111111111111,43,0.8958333333333334,47,0.9791666666666666,0.08333333333333333,0.0,0.1875,5,18,1,0.5416666666666666,1,1
interval_160_161,0.38499244593221815,71,0.7395833333333334,18,0.75,61,144,0.4236111111111111,43,0.8958333333333334,47,0.9791666666666666,0.08333333333333333,0.0,0.1875,5,18,1,0.5416666666666666,1,1
breakpoint_161,0.39618377537274646,71,0.7395833333333334,18,0.75,61,144,0.4236111111111111,43,0.8958333333333334,48,1.0,0.10416666666666667,0.020833333333333332,0.1875,5,19,0,0.5520833333333333,1,1
interval_161_162,0.4147201146900935,71,0.7395833333333334,18,0.75,61,144,0.4236111111111111,43,0.8958333333333334,48,1.0,0.10416666666666667,0.020833333333333332,0.1875,5,19,0,0.5520833333333333,1,1
breakpoint_162,0.4332564540074405,71,0.7395833333333334,18,0.75,61,144,0.4236111111111111,44,0.9166666666666666,48,1.0,0.08333333333333333,0.020833333333333332,0.16666666666666666,4,20,0,0.5416666666666667,1,1
interval_162_163,0.4358329787723838,71,0.7395833333333334,18,0.75,61,144,0.4236111111111111,44,0.9166666666666666,48,1.0,0.08333333333333333,0.020833333333333332,0.16666666666666666,4,20,0,0.5416666666666667,1,1
breakpoint_163,0.43840950353732716,72,0.75,18,0.75,60,144,0.4166666666666667,44,0.9166666666666666,48,1.0,0.08333333333333333,0.020833333333333332,0.16666666666666666,4,20,0,0.5416666666666667,1,1
interval_163_164,0.4402431330954423,72,0.75,18,0.75,60,144,0.4166666666666667,44,0.9166666666666666,48,1.0,0.08333333333333333,0.020833333333333332,0.16666666666666666,4,20,0,0.5416666666666667,1,1
breakpoint_164,0.4420767626535574,73,0.7604166666666666,18,0.75,59,144,0.4097222222222222,44,0.9166666666666666,48,1.0,0.08333333333333333,0.020833333333333332,0.16666666666666666,4,20,0,0.5416666666666667,1,1
interval_164_165,0.4430733841705498,73,0.7604166666666666,18,0.75,59,144,0.4097222222222222,44,0.9166666666666666,48,1.0,0.08333333333333333,0.020833333333333332,0.16666666666666666,4,20,0,0.5416666666666667,1,1
breakpoint_165,0.44407000568754224,74,0.7708333333333334,18,0.75,58,144,0.4027777777777778,44,0.9166666666666666,48,1.0,0.08333333333333333,0.020833333333333332,0.16666666666666666,4,20,0,0.5416666666666667,1,1
interval_165_166,0.45190275626540544,74,0.7708333333333334,18,0.75,58,144,0.4027777777777778,44,0.9166666666666666,48,1.0,0.08333333333333333,0.020833333333333332,0.16666666666666666,4,20,0,0.5416666666666667,1,1
breakpoint_166,0.45973550684326864,74,0.7708333333333334,18,0.75,58,144,0.4027777777777778,45,0.9375,48,1.0,0.0625,0.0,0.125,3,21,0,0.53125,1,1
interval_166_167,0.4865738506042858,74,0.7708333333333334,18,0.75,58,144,0.4027777777777778,45,0.9375,48,1.0,0.0625,0.0,0.125,3,21,0,0.53125,1,1
breakpoint_167,0.5134121943653029,74,0.7708333333333334,18,0.75,58,144,0.4027777777777778,46,0.9583333333333334,48,1.0,0.041666666666666664,0.0,0.10416666666666667,2,22,0,0.5208333333333333,1,1
interval_167_168,0.5140549500232083,74,0.7708333333333334,18,0.75,58,144,0.4027777777777778,46,0.9583333333333334,48,1.0,0.041666666666666664,0.0,0.10416666666666667,2,22,0,0.5208333333333333,1,1
breakpoint_168,0.5146977056811137,75,0.78125,18,0.75,57,144,0.3958333333333333,46,0.9583333333333334,48,1.0,0.041666666666666664,0.0,0.10416666666666667,2,22,0,0.5208333333333333,1,1
interval_168_169,0.5372003392373407,75,0.78125,18,0.75,57,144,0.3958333333333333,46,0.9583333333333334,48,1.0,0.041666666666666664,0.0,0.10416666666666667,2,22,0,0.5208333333333333,1,1
breakpoint_169,0.5597029727935676,75,0.78125,18,0.75,57,144,0.3958333333333333,47,0.9791666666666666,48,1.0,0.020833333333333332,0.0,0.0625,1,23,0,0.5104166666666667,1,1
interval_169_170,0.5632717020494132,75,0.78125,18,0.75,57,144,0.3958333333333333,47,0.9791666666666666,48,1.0,0.020833333333333332,0.0,0.0625,1,23,0,0.5104166666666667,1,1
breakpoint_170,0.5668404313052589,76,0.7916666666666666,18,0.75,56,144,0.3888888888888889,47,0.9791666666666666,48,1.0,0.020833333333333332,0.0,0.0625,1,23,0,0.5104166666666667,1,1
interval_170_171,0.5670363264926901,76,0.7916666666666666,18,0.75,56,144,0.3888888888888889,47,0.9791666666666666,48,1.0,0.020833333333333332,0.0,0.0625,1,23,0,0.5104166666666667,1,1
breakpoint_171,0.5672322216801212,77,0.8020833333333334,18,0.75,55,144,0.3819444444444444,47,0.9791666666666666,48,1.0,0.020833333333333332,0.0,0.0625,1,23,0,0.5104166666666667,1,0
interval_171_172,0.5729321864728149,77,0.8020833333333334,18,0.75,55,144,0.3819444444444444,47,0.9791666666666666,48,1.0,0.020833333333333332,0.0,0.0625,1,23,0,0.5104166666666667,1,0
breakpoint_172,0.5786321512655085,78,0.8125,18,0.75,54,144,0.375,47,0.9791666666666666,48,1.0,0.020833333333333332,0.0,0.0625,1,23,0,0.5104166666666667,1,0
interval_172_173,0.5837131553598446,78,0.8125,18,0.75,54,144,0.375,47,0.9791666666666666,48,1.0,0.020833333333333332,0.0,0.0625,1,23,0,0.5104166666666667,1,0
breakpoint_173,0.5887941594541807,78,0.8125,18,0.75,54,144,0.375,48,1.0,48,1.0,0.0,0.0,0.0,0,24,0,0.5,1,0
interval_173_174,0.7635061032251856,78,0.8125,18,0.75,54,144,0.375,48,1.0,48,1.0,0.0,0.0,0.0,0,24,0,0.5,1,0
breakpoint_174,0.9382180469961906,79,0.8229166666666666,17,0.7083333333333334,51,144,0.3541666666666667,48,1.0,48,1.0,0.0,0.0,0.0,0,24,0,0.5,1,0
interval_174_175,0.9958987652314983,79,0.8229166666666666,17,0.7083333333333334,51,144,0.3541666666666667,48,1.0,48,1.0,0.0,0.0,0.0,0,24,0,0.5,1,0
breakpoint_175,1.0535794834668062,80,0.8333333333333334,16,0.6666666666666666,48,144,0.3333333333333333,48,1.0,48,1.0,0.0,0.0,0.0,0,24,0,0.5,1,0
interval_175_176,1.063763950696751,80,0.8333333333333334,16,0.6666666666666666,48,144,0.3333333333333333,48,1.0,48,1.0,0.0,0.0,0.0,0,24,0,0.5,1,0
breakpoint_176,1.0739484179266956,81,0.84375,15,0.625,45,144,0.3125,48,1.0,48,1.0,0.0,0.0,0.0,0,24,0,0.5,1,0
interval_176_177,1.11116587878633,81,0.84375,15,0.625,45,144,0.3125,48,1.0,48,1.0,0.0,0.0,0.0,0,24,0,0.5,1,0
breakpoint_177,1.1483833396459648,82,0.8541666666666666,14,0.5833333333333334,42,144,0.2916666666666667,48,1.0,48,1.0,0.0,0.0,0.0,0,24,0,0.5,1,0
interval_177_178,1.1981457129844366,82,0.8541666666666666,14,0.5833333333333334,42,144,0.2916666666666667,48,1.0,48,1.0,0.0,0.0,0.0,0,24,0,0.5,1,0
breakpoint_178,1.2479080863229082,83,0.8645833333333334,13,0.5416666666666666,39,144,0.2708333333333333,48,1.0,48,1.0,0.0,0.0,0.0,0,24,0,0.5,1,0
interval_178_179,1.268056293340036,83,0.8645833333333334,13,0.5416666666666666,39,144,0.2708333333333333,48,1.0,48,1.0,0.0,0.0,0.0,0,24,0,0.5,1,0
breakpoint_179,1.2882045003571638,84,0.875,12,0.5,36,144,0.25,48,1.0,48,1.0,0.0,0.0,0.0,0,24,0,0.5,1,0
interval_179_180,1.3207404421919833,84,0.875,12,0.5,36,144,0.25,48,1.0,48,1.0,0.0,0.0,0.0,0,24,0,0.5,1,0
breakpoint_180,1.3532763840268025,85,0.8854166666666666,11,0.4583333333333333,33,144,0.22916666666666666,48,1.0,48,1.0,0.0,0.0,0.0,0,24,0,0.5,1,0
interval_180_181,1.385862023615716,85,0.8854166666666666,11,0.4583333333333333,33,144,0.22916666666666666,48,1.0,48,1.0,0.0,0.0,0.0,0,24,0,0.5,1,0
breakpoint_181,1.4184476632046297,86,0.8958333333333334,10,0.4166666666666667,30,144,0.20833333333333334,48,1.0,48,1.0,0.0,0.0,0.0,0,24,0,0.5,1,0
interval_181_182,1.4203838207588875,86,0.8958333333333334,10,0.4166666666666667,30,144,0.20833333333333334,48,1.0,48,1.0,0.0,0.0,0.0,0,24,0,0.5,1,0
breakpoint_182,1.4223199783131453,87,0.90625,9,0.375,27,144,0.1875,48,1.0,48,1.0,0.0,0.0,0.0,0,24,0,0.5,1,0
interval_182_183,1.4410316062652577,87,0.90625,9,0.375,27,144,0.1875,48,1.0,48,1.0,0.0,0.0,0.0,0,24,0,0.5,1,0
breakpoint_183,1.4597432342173704,88,0.9166666666666666,8,0.3333333333333333,24,144,0.16666666666666666,48,1.0,48,1.0,0.0,0.0,0.0,0,24,0,0.5,1,0
interval_183_184,1.4597494070887458,88,0.9166666666666666,8,0.3333333333333333,24,144,0.16666666666666666,48,1.0,48,1.0,0.0,0.0,0.0,0,24,0,0.5,1,0
breakpoint_184,1.4597555799601214,89,0.9270833333333334,7,0.2916666666666667,21,144,0.14583333333333334,48,1.0,48,1.0,0.0,0.0,0.0,0,24,0,0.5,1,0
interval_184_185,1.4620735098090212,89,0.9270833333333334,7,0.2916666666666667,21,144,0.14583333333333334,48,1.0,48,1.0,0.0,0.0,0.0,0,24,0,0.5,1,0
breakpoint_185,1.464391439657921,90,0.9375,6,0.25,18,144,0.125,48,1.0,48,1.0,0.0,0.0,0.0,0,24,0,0.5,1,0
interval_185_186,1.4696026066572567,90,0.9375,6,0.25,18,144,0.125,48,1.0,48,1.0,0.0,0.0,0.0,0,24,0,0.5,1,0
breakpoint_186,1.4748137736565925,91,0.9479166666666666,5,0.20833333333333334,15,144,0.10416666666666667,48,1.0,48,1.0,0.0,0.0,0.0,0,24,0,0.5,1,0
interval_186_187,1.5083183440553452,91,0.9479166666666666,5,0.20833333333333334,15,144,0.10416666666666667,48,1.0,48,1.0,0.0,0.0,0.0,0,24,0,0.5,1,0
breakpoint_187,1.5418229144540976,92,0.9583333333333334,4,0.16666666666666666,12,144,0.08333333333333333,48,1.0,48,1.0,0.0,0.0,0.0,0,24,0,0.5,1,0
interval_187_188,1.5502262979877681,92,0.9583333333333334,4,0.16666666666666666,12,144,0.08333333333333333,48,1.0,48,1.0,0.0,0.0,0.0,0,24,0,0.5,1,0
breakpoint_188,1.5586296815214384,93,0.96875,3,0.125,9,144,0.0625,48,1.0,48,1.0,0.0,0.0,0.0,0,24,0,0.5,1,0
interval_188_189,1.5619286886975408,93,0.96875,3,0.125,9,144,0.0625,48,1.0,48,1.0,0.0,0.0,0.0,0,24,0,0.5,1,0
breakpoint_189,1.5652276958736433,94,0.9791666666666666,2,0.08333333333333333,6,144,0.041666666666666664,48,1.0,48,1.0,0.0,0.0,0.0,0,24,0,0.5,1,0
interval_189_190,1.5854499602400414,94,0.9791666666666666,2,0.08333333333333333,6,144,0.041666666666666664,48,1.0,48,1.0,0.0,0.0,0.0,0,24,0,0.5,1,0
breakpoint_190,1.6056722246064397,95,0.9895833333333334,1,0.041666666666666664,3,144,0.020833333333333332,48,1.0,48,1.0,0.0,0.0,0.0,0,24,0,0.5,1,0
interval_190_191,1.625744715443555,95,0.9895833333333334,1,0.041666666666666664,3,144,0.020833333333333332,48,1.0,48,1.0,0.0,0.0,0.0,0,24,0,0.5,1,0
breakpoint_191,1.6458172062806702,96,1.0,0,0.0,0,144,0.0,48,1.0,48,1.0,0.0,0.0,0.0,0,24,0,0.5,0,0
above_max,1.6458172112236975,96,1.0,0,0.0,0,144,0.0,48,1.0,48,1.0,0.0,0.0,0.0,0,24,0,0.5,0,0
tau0,0.0,41,0.4270833333333333,20,0.8333333333333334,61,144,0.4236111111111111,30,0.625,36,0.75,0.125,0.041666666666666664,0.20833333333333334,6,18,0,0.5625,1,1
