a6ea5ed9a0a81156e737553d9558079e9be1081f322dd1fa2d9d99f4faec9365	A3_HASH_RECONCILIATION.json
f8b53a76993334fdc83ba2699aef0a8954b14bfcd2c40bcb66acb7a4d065cf2f	A3_OUTPUT_SHA256_RECONCILED.tsv
ced5d5af123634d99ff36e3d00b84e81ac51f63b07884065aac4d8c9423536fe	CASE_012_FREE_TIME_RESOLUTION.json
0d7fea83574fa1fd4229651b4757f85d8131b48e428451e7490545bef90de949	PAEF_MUTATION_TEST_REPORT.json
39409a064f8c6221fc5eb5212d0d60700509169416996e12126637f838cd5ee2	PAEF_ORACLE_GATE_SUMMARY.json
299a1eb1dd5cbbb2f5841d3970b2088994b2ebf2a1b4a856ad6e1e0efde46414	PAEF_RESOLUTION_LOG.md
5edeeacc02bf8532f784ede721ea6146c2ac60201638c0431068dea5da03aade	PAEF_SPECS/CASE_001.json
3d6294ac323372b1e281d8300f2839b4da5114661e21ca507377bf9484c239b6	PAEF_SPECS/CASE_002.json
0450795e5d2bdd4b361f09e6f45eaedd6cd1168a7b263cd93ba9f38134d1cc0f	PAEF_SPECS/CASE_003.json
b332515304584d71f9fa93fe0446c20f2a5e090bd3bcbfce17372406086cb477	PAEF_SPECS/CASE_004.json
554b72f66649653cabfc5bc6ccff1328e7ac8190942222587cd336fc0a3a74b0	PAEF_SPECS/CASE_005.json
3fd6005a19bf09e9b8797faadf6229ece7b696e6a8910b3a40a7d28bf3082cc1	PAEF_SPECS/CASE_006.json
9b2c090ab92c4c57dcd05ded70eea5c0c0a5cedb62824a6416c1b45e8d7693aa	PAEF_SPECS/CASE_007.json
1bfd241f671c54d341389290545390e728340ef401b88dbfe76d59f294276080	PAEF_SPECS/CASE_008.json
ed419f0aba00eb9dc47ea20b5a99b0ef5a4c05653c2ef35a7e488480170f12a0	PAEF_SPECS/CASE_009.json
e03dca7e8909f5104aca160d6da58f73020aa8e44930a204f6b656358abd2ff2	PAEF_SPECS/CASE_010.json
bfa26c0337db99e3c7bd9a3f1036f6ebb267ff467d18e025b08ae041ab3c42b1	PAEF_SPECS/CASE_011.json
db95160514a1593952b37577a0e6a2d9d2262c55e712ec785970fc1b16c8b12c	PAEF_SPECS/CASE_012.json
eb21f8f02ad6e34ba6bccbde8c20e4aa31f4ab956712771c3287c7420c3f2e5e	PAEF_SPECS/CASE_013.json
e0e7fa98318930b8d573558424ea0356de6d644629924c665f2d251f12f981af	PAEF_SPECS/CASE_014.json
7b8fb4b32df36adb7f0760ea2f064735f0f7599184825e577a292caec2da6f72	SOURCE_LOCKS.tsv
