threshold_label,tau,omitted_family,n_bases,flag_rate,aivr_class,aivr_pairwise
below_min,-1.9017638831711028,F1_CALENDAR,18,0.0,0.0,0.0
below_min,-1.9017638831711028,F2_SLACK,18,0.0,0.0,0.0
below_min,-1.9017638831711028,F3_BANKING,18,0.0,0.0,0.0
below_min,-1.9017638831711028,F4_EMAIL,18,0.0,0.0,0.0
breakpoint_0,-1.9017638796235217,F1_CALENDAR,18,0.013888888888888888,0.05555555555555555,0.027777777777777776
breakpoint_0,-1.9017638796235217,F2_SLACK,18,0.0,0.0,0.0
breakpoint_0,-1.9017638796235217,F3_BANKING,18,0.013888888888888888,0.05555555555555555,0.027777777777777776
breakpoint_0,-1.9017638796235217,F4_EMAIL,18,0.013888888888888888,0.05555555555555555,0.027777777777777776
interval_0_1,-1.8731008936242666,F1_CALENDAR,18,0.013888888888888888,0.05555555555555555,0.027777777777777776
interval_0_1,-1.8731008936242666,F2_SLACK,18,0.0,0.0,0.0
interval_0_1,-1.8731008936242666,F3_BANKING,18,0.013888888888888888,0.05555555555555555,0.027777777777777776
interval_0_1,-1.8731008936242666,F4_EMAIL,18,0.013888888888888888,0.05555555555555555,0.027777777777777776
breakpoint_1,-1.8444379076250115,F1_CALENDAR,18,0.027777777777777776,0.1111111111111111,0.05555555555555555
breakpoint_1,-1.8444379076250115,F2_SLACK,18,0.0,0.0,0.0
breakpoint_1,-1.8444379076250115,F3_BANKING,18,0.027777777777777776,0.1111111111111111,0.05555555555555555
breakpoint_1,-1.8444379076250115,F4_EMAIL,18,0.027777777777777776,0.1111111111111111,0.05555555555555555
interval_1_2,-1.8105192462784871,F1_CALENDAR,18,0.027777777777777776,0.1111111111111111,0.05555555555555555
interval_1_2,-1.8105192462784871,F2_SLACK,18,0.0,0.0,0.0
interval_1_2,-1.8105192462784871,F3_BANKING,18,0.027777777777777776,0.1111111111111111,0.05555555555555555
interval_1_2,-1.8105192462784871,F4_EMAIL,18,0.027777777777777776,0.1111111111111111,0.05555555555555555
breakpoint_2,-1.776600584931963,F1_CALENDAR,18,0.041666666666666664,0.16666666666666666,0.08333333333333333
breakpoint_2,-1.776600584931963,F2_SLACK,18,0.0,0.0,0.0
breakpoint_2,-1.776600584931963,F3_BANKING,18,0.041666666666666664,0.16666666666666666,0.08333333333333333
breakpoint_2,-1.776600584931963,F4_EMAIL,18,0.041666666666666664,0.16666666666666666,0.08333333333333333
interval_2_3,-1.7741289516228893,F1_CALENDAR,18,0.041666666666666664,0.16666666666666666,0.08333333333333333
interval_2_3,-1.7741289516228893,F2_SLACK,18,0.0,0.0,0.0
interval_2_3,-1.7741289516228893,F3_BANKING,18,0.041666666666666664,0.16666666666666666,0.08333333333333333
interval_2_3,-1.7741289516228893,F4_EMAIL,18,0.041666666666666664,0.16666666666666666,0.08333333333333333
breakpoint_3,-1.7716573183138156,F1_CALENDAR,18,0.05555555555555555,0.2222222222222222,0.1111111111111111
breakpoint_3,-1.7716573183138156,F2_SLACK,18,0.0,0.0,0.0
breakpoint_3,-1.7716573183138156,F3_BANKING,18,0.05555555555555555,0.2222222222222222,0.1111111111111111
breakpoint_3,-1.7716573183138156,F4_EMAIL,18,0.05555555555555555,0.2222222222222222,0.1111111111111111
interval_3_4,-1.7417679761745162,F1_CALENDAR,18,0.05555555555555555,0.2222222222222222,0.1111111111111111
interval_3_4,-1.7417679761745162,F2_SLACK,18,0.0,0.0,0.0
interval_3_4,-1.7417679761745162,F3_BANKING,18,0.05555555555555555,0.2222222222222222,0.1111111111111111
interval_3_4,-1.7417679761745162,F4_EMAIL,18,0.05555555555555555,0.2222222222222222,0.1111111111111111
breakpoint_4,-1.7118786340352166,F1_CALENDAR,18,0.06944444444444445,0.2777777777777778,0.1388888888888889
breakpoint_4,-1.7118786340352166,F2_SLACK,18,0.0,0.0,0.0
breakpoint_4,-1.7118786340352166,F3_BANKING,18,0.06944444444444445,0.2777777777777778,0.1388888888888889
breakpoint_4,-1.7118786340352166,F4_EMAIL,18,0.06944444444444445,0.2777777777777778,0.1388888888888889
interval_4_5,-1.6640662358012817,F1_CALENDAR,18,0.06944444444444445,0.2777777777777778,0.1388888888888889
interval_4_5,-1.6640662358012817,F2_SLACK,18,0.0,0.0,0.0
interval_4_5,-1.6640662358012817,F3_BANKING,18,0.06944444444444445,0.2777777777777778,0.1388888888888889
interval_4_5,-1.6640662358012817,F4_EMAIL,18,0.06944444444444445,0.2777777777777778,0.1388888888888889
breakpoint_5,-1.6162538375673468,F1_CALENDAR,18,0.08333333333333333,0.3333333333333333,0.16666666666666666
breakpoint_5,-1.6162538375673468,F2_SLACK,18,0.0,0.0,0.0
breakpoint_5,-1.6162538375673468,F3_BANKING,18,0.08333333333333333,0.3333333333333333,0.16666666666666666
breakpoint_5,-1.6162538375673468,F4_EMAIL,18,0.08333333333333333,0.3333333333333333,0.16666666666666666
interval_5_6,-1.5441341536413644,F1_CALENDAR,18,0.08333333333333333,0.3333333333333333,0.16666666666666666
interval_5_6,-1.5441341536413644,F2_SLACK,18,0.0,0.0,0.0
interval_5_6,-1.5441341536413644,F3_BANKING,18,0.08333333333333333,0.3333333333333333,0.16666666666666666
interval_5_6,-1.5441341536413644,F4_EMAIL,18,0.08333333333333333,0.3333333333333333,0.16666666666666666
breakpoint_6,-1.472014469715382,F1_CALENDAR,18,0.09722222222222222,0.3333333333333333,0.17592592592592593
breakpoint_6,-1.472014469715382,F2_SLACK,18,0.0,0.0,0.0
breakpoint_6,-1.472014469715382,F3_BANKING,18,0.09722222222222222,0.3333333333333333,0.17592592592592593
breakpoint_6,-1.472014469715382,F4_EMAIL,18,0.09722222222222222,0.3333333333333333,0.17592592592592593
interval_6_7,-1.4454979961250092,F1_CALENDAR,18,0.09722222222222222,0.3333333333333333,0.17592592592592593
interval_6_7,-1.4454979961250092,F2_SLACK,18,0.0,0.0,0.0
interval_6_7,-1.4454979961250092,F3_BANKING,18,0.09722222222222222,0.3333333333333333,0.17592592592592593
interval_6_7,-1.4454979961250092,F4_EMAIL,18,0.09722222222222222,0.3333333333333333,0.17592592592592593
breakpoint_7,-1.418981522534636,F1_CALENDAR,18,0.1111111111111111,0.3333333333333333,0.18518518518518517
breakpoint_7,-1.418981522534636,F2_SLACK,18,0.0,0.0,0.0
breakpoint_7,-1.418981522534636,F3_BANKING,18,0.1111111111111111,0.3333333333333333,0.18518518518518517
breakpoint_7,-1.418981522534636,F4_EMAIL,18,0.1111111111111111,0.3333333333333333,0.18518518518518517
interval_7_8,-1.4089712260208866,F1_CALENDAR,18,0.1111111111111111,0.3333333333333333,0.18518518518518517
interval_7_8,-1.4089712260208866,F2_SLACK,18,0.0,0.0,0.0
interval_7_8,-1.4089712260208866,F3_BANKING,18,0.1111111111111111,0.3333333333333333,0.18518518518518517
interval_7_8,-1.4089712260208866,F4_EMAIL,18,0.1111111111111111,0.3333333333333333,0.18518518518518517
breakpoint_8,-1.3989609295071372,F1_CALENDAR,18,0.125,0.3333333333333333,0.19444444444444445
breakpoint_8,-1.3989609295071372,F2_SLACK,18,0.0,0.0,0.0
breakpoint_8,-1.3989609295071372,F3_BANKING,18,0.125,0.3333333333333333,0.19444444444444445
breakpoint_8,-1.3989609295071372,F4_EMAIL,18,0.125,0.3333333333333333,0.19444444444444445
interval_8_9,-1.3835628817242167,F1_CALENDAR,18,0.125,0.3333333333333333,0.19444444444444445
interval_8_9,-1.3835628817242167,F2_SLACK,18,0.0,0.0,0.0
interval_8_9,-1.3835628817242167,F3_BANKING,18,0.125,0.3333333333333333,0.19444444444444445
interval_8_9,-1.3835628817242167,F4_EMAIL,18,0.125,0.3333333333333333,0.19444444444444445
breakpoint_9,-1.368164833941296,F1_CALENDAR,18,0.1388888888888889,0.3333333333333333,0.2037037037037037
breakpoint_9,-1.368164833941296,F2_SLACK,18,0.0,0.0,0.0
breakpoint_9,-1.368164833941296,F3_BANKING,18,0.1388888888888889,0.3333333333333333,0.2037037037037037
breakpoint_9,-1.368164833941296,F4_EMAIL,18,0.1388888888888889,0.3333333333333333,0.2037037037037037
interval_9_10,-1.3605019636913593,F1_CALENDAR,18,0.1388888888888889,0.3333333333333333,0.2037037037037037
interval_9_10,-1.3605019636913593,F2_SLACK,18,0.0,0.0,0.0
interval_9_10,-1.3605019636913593,F3_BANKING,18,0.1388888888888889,0.3333333333333333,0.2037037037037037
interval_9_10,-1.3605019636913593,F4_EMAIL,18,0.1388888888888889,0.3333333333333333,0.2037037037037037
breakpoint_10,-1.352839093441423,F1_CALENDAR,18,0.1527777777777778,0.3333333333333333,0.21296296296296297
breakpoint_10,-1.352839093441423,F2_SLACK,18,0.0,0.0,0.0
breakpoint_10,-1.352839093441423,F3_BANKING,18,0.1527777777777778,0.3333333333333333,0.21296296296296297
breakpoint_10,-1.352839093441423,F4_EMAIL,18,0.1527777777777778,0.3333333333333333,0.21296296296296297
interval_10_11,-1.334400444169062,F1_CALENDAR,18,0.1527777777777778,0.3333333333333333,0.21296296296296297
interval_10_11,-1.334400444169062,F2_SLACK,18,0.0,0.0,0.0
interval_10_11,-1.334400444169062,F3_BANKING,18,0.1527777777777778,0.3333333333333333,0.21296296296296297
interval_10_11,-1.334400444169062,F4_EMAIL,18,0.1527777777777778,0.3333333333333333,0.21296296296296297
breakpoint_11,-1.315961794896701,F1_CALENDAR,18,0.16666666666666666,0.3333333333333333,0.2222222222222222
breakpoint_11,-1.315961794896701,F2_SLACK,18,0.0,0.0,0.0
breakpoint_11,-1.315961794896701,F3_BANKING,18,0.16666666666666666,0.3333333333333333,0.2222222222222222
breakpoint_11,-1.315961794896701,F4_EMAIL,18,0.16666666666666666,0.3333333333333333,0.2222222222222222
interval_11_12,-1.1860974436843648,F1_CALENDAR,18,0.16666666666666666,0.3333333333333333,0.2222222222222222
interval_11_12,-1.1860974436843648,F2_SLACK,18,0.0,0.0,0.0
interval_11_12,-1.1860974436843648,F3_BANKING,18,0.16666666666666666,0.3333333333333333,0.2222222222222222
interval_11_12,-1.1860974436843648,F4_EMAIL,18,0.16666666666666666,0.3333333333333333,0.2222222222222222
breakpoint_12,-1.0562330924720285,F1_CALENDAR,18,0.16666666666666666,0.3333333333333333,0.2222222222222222
breakpoint_12,-1.0562330924720285,F2_SLACK,18,0.013888888888888888,0.05555555555555555,0.027777777777777776
breakpoint_12,-1.0562330924720285,F3_BANKING,18,0.18055555555555555,0.3888888888888889,0.25
breakpoint_12,-1.0562330924720285,F4_EMAIL,18,0.18055555555555555,0.3888888888888889,0.25
interval_12_13,-1.0426483298768654,F1_CALENDAR,18,0.16666666666666666,0.3333333333333333,0.2222222222222222
interval_12_13,-1.0426483298768654,F2_SLACK,18,0.013888888888888888,0.05555555555555555,0.027777777777777776
interval_12_13,-1.0426483298768654,F3_BANKING,18,0.18055555555555555,0.3888888888888889,0.25
interval_12_13,-1.0426483298768654,F4_EMAIL,18,0.18055555555555555,0.3888888888888889,0.25
breakpoint_13,-1.0290635672817023,F1_CALENDAR,18,0.16666666666666666,0.3333333333333333,0.2222222222222222
breakpoint_13,-1.0290635672817023,F2_SLACK,18,0.027777777777777776,0.1111111111111111,0.05555555555555555
breakpoint_13,-1.0290635672817023,F3_BANKING,18,0.19444444444444445,0.4444444444444444,0.2777777777777778
breakpoint_13,-1.0290635672817023,F4_EMAIL,18,0.19444444444444445,0.4444444444444444,0.2777777777777778
interval_13_14,-1.0175435393509256,F1_CALENDAR,18,0.16666666666666666,0.3333333333333333,0.2222222222222222
interval_13_14,-1.0175435393509256,F2_SLACK,18,0.027777777777777776,0.1111111111111111,0.05555555555555555
interval_13_14,-1.0175435393509256,F3_BANKING,18,0.19444444444444445,0.4444444444444444,0.2777777777777778
interval_13_14,-1.0175435393509256,F4_EMAIL,18,0.19444444444444445,0.4444444444444444,0.2777777777777778
breakpoint_14,-1.0060235114201486,F1_CALENDAR,18,0.16666666666666666,0.3333333333333333,0.2222222222222222
breakpoint_14,-1.0060235114201486,F2_SLACK,18,0.041666666666666664,0.16666666666666666,0.08333333333333333
breakpoint_14,-1.0060235114201486,F3_BANKING,18,0.20833333333333334,0.5,0.3055555555555556
breakpoint_14,-1.0060235114201486,F4_EMAIL,18,0.20833333333333334,0.5,0.3055555555555556
interval_14_15,-0.996170847495772,F1_CALENDAR,18,0.16666666666666666,0.3333333333333333,0.2222222222222222
interval_14_15,-0.996170847495772,F2_SLACK,18,0.041666666666666664,0.16666666666666666,0.08333333333333333
interval_14_15,-0.996170847495772,F3_BANKING,18,0.20833333333333334,0.5,0.3055555555555556
interval_14_15,-0.996170847495772,F4_EMAIL,18,0.20833333333333334,0.5,0.3055555555555556
breakpoint_15,-0.9863181835713953,F1_CALENDAR,18,0.18055555555555555,0.3888888888888889,0.25
breakpoint_15,-0.9863181835713953,F2_SLACK,18,0.05555555555555555,0.2222222222222222,0.1111111111111111
breakpoint_15,-0.9863181835713953,F3_BANKING,18,0.2222222222222222,0.5555555555555556,0.3333333333333333
breakpoint_15,-0.9863181835713953,F4_EMAIL,18,0.20833333333333334,0.5,0.3055555555555556
interval_15_16,-0.9707118279294089,F1_CALENDAR,18,0.18055555555555555,0.3888888888888889,0.25
interval_15_16,-0.9707118279294089,F2_SLACK,18,0.05555555555555555,0.2222222222222222,0.1111111111111111
interval_15_16,-0.9707118279294089,F3_BANKING,18,0.2222222222222222,0.5555555555555556,0.3333333333333333
interval_15_16,-0.9707118279294089,F4_EMAIL,18,0.20833333333333334,0.5,0.3055555555555556
breakpoint_16,-0.9551054722874226,F1_CALENDAR,18,0.19444444444444445,0.4444444444444444,0.2777777777777778
breakpoint_16,-0.9551054722874226,F2_SLACK,18,0.06944444444444445,0.2777777777777778,0.1388888888888889
breakpoint_16,-0.9551054722874226,F3_BANKING,18,0.2361111111111111,0.6111111111111112,0.3611111111111111
breakpoint_16,-0.9551054722874226,F4_EMAIL,18,0.20833333333333334,0.5,0.3055555555555556
interval_16_17,-0.9493042416542277,F1_CALENDAR,18,0.19444444444444445,0.4444444444444444,0.2777777777777778
interval_16_17,-0.9493042416542277,F2_SLACK,18,0.06944444444444445,0.2777777777777778,0.1388888888888889
interval_16_17,-0.9493042416542277,F3_BANKING,18,0.2361111111111111,0.6111111111111112,0.3611111111111111
interval_16_17,-0.9493042416542277,F4_EMAIL,18,0.20833333333333334,0.5,0.3055555555555556
breakpoint_17,-0.9435030110210327,F1_CALENDAR,18,0.20833333333333334,0.5,0.3055555555555556
breakpoint_17,-0.9435030110210327,F2_SLACK,18,0.08333333333333333,0.3333333333333333,0.16666666666666666
breakpoint_17,-0.9435030110210327,F3_BANKING,18,0.25,0.6666666666666666,0.3888888888888889
breakpoint_17,-0.9435030110210327,F4_EMAIL,18,0.20833333333333334,0.5,0.3055555555555556
interval_17_18,-0.9353999981873315,F1_CALENDAR,18,0.20833333333333334,0.5,0.3055555555555556
interval_17_18,-0.9353999981873315,F2_SLACK,18,0.08333333333333333,0.3333333333333333,0.16666666666666666
interval_17_18,-0.9353999981873315,F3_BANKING,18,0.25,0.6666666666666666,0.3888888888888889
interval_17_18,-0.9353999981873315,F4_EMAIL,18,0.20833333333333334,0.5,0.3055555555555556
breakpoint_18,-0.9272969853536305,F1_CALENDAR,18,0.20833333333333334,0.5,0.3055555555555556
breakpoint_18,-0.9272969853536305,F2_SLACK,18,0.09722222222222222,0.3888888888888889,0.19444444444444445
breakpoint_18,-0.9272969853536305,F3_BANKING,18,0.2638888888888889,0.7222222222222222,0.4166666666666667
breakpoint_18,-0.9272969853536305,F4_EMAIL,18,0.2222222222222222,0.5555555555555556,0.3333333333333333
interval_18_19,-0.9015994981314619,F1_CALENDAR,18,0.20833333333333334,0.5,0.3055555555555556
interval_18_19,-0.9015994981314619,F2_SLACK,18,0.09722222222222222,0.3888888888888889,0.19444444444444445
interval_18_19,-0.9015994981314619,F3_BANKING,18,0.2638888888888889,0.7222222222222222,0.4166666666666667
interval_18_19,-0.9015994981314619,F4_EMAIL,18,0.2222222222222222,0.5555555555555556,0.3333333333333333
breakpoint_19,-0.8759020109092932,F1_CALENDAR,18,0.2222222222222222,0.5555555555555556,0.3333333333333333
breakpoint_19,-0.8759020109092932,F2_SLACK,18,0.1111111111111111,0.4444444444444444,0.2222222222222222
breakpoint_19,-0.8759020109092932,F3_BANKING,18,0.2638888888888889,0.7222222222222222,0.4166666666666667
breakpoint_19,-0.8759020109092932,F4_EMAIL,18,0.2361111111111111,0.6111111111111112,0.3611111111111111
interval_19_20,-0.8746749101034346,F1_CALENDAR,18,0.2222222222222222,0.5555555555555556,0.3333333333333333
interval_19_20,-0.8746749101034346,F2_SLACK,18,0.1111111111111111,0.4444444444444444,0.2222222222222222
interval_19_20,-0.8746749101034346,F3_BANKING,18,0.2638888888888889,0.7222222222222222,0.4166666666666667
interval_19_20,-0.8746749101034346,F4_EMAIL,18,0.2361111111111111,0.6111111111111112,0.3611111111111111
breakpoint_20,-0.8734478092975759,F1_CALENDAR,18,0.2361111111111111,0.6111111111111112,0.3611111111111111
breakpoint_20,-0.8734478092975759,F2_SLACK,18,0.125,0.5,0.25
breakpoint_20,-0.8734478092975759,F3_BANKING,18,0.2777777777777778,0.7777777777777778,0.4444444444444444
breakpoint_20,-0.8734478092975759,F4_EMAIL,18,0.2361111111111111,0.6111111111111112,0.3611111111111111
interval_20_21,-0.8692054986328506,F1_CALENDAR,18,0.2361111111111111,0.6111111111111112,0.3611111111111111
interval_20_21,-0.8692054986328506,F2_SLACK,18,0.125,0.5,0.25
interval_20_21,-0.8692054986328506,F3_BANKING,18,0.2777777777777778,0.7777777777777778,0.4444444444444444
interval_20_21,-0.8692054986328506,F4_EMAIL,18,0.2361111111111111,0.6111111111111112,0.3611111111111111
breakpoint_21,-0.8649631879681251,F1_CALENDAR,18,0.2361111111111111,0.6111111111111112,0.3611111111111111
breakpoint_21,-0.8649631879681251,F2_SLACK,18,0.1388888888888889,0.5555555555555556,0.2777777777777778
breakpoint_21,-0.8649631879681251,F3_BANKING,18,0.2916666666666667,0.8333333333333334,0.4722222222222222
breakpoint_21,-0.8649631879681251,F4_EMAIL,18,0.25,0.6666666666666666,0.3888888888888889
interval_21_22,-0.8591320334901826,F1_CALENDAR,18,0.2361111111111111,0.6111111111111112,0.3611111111111111
interval_21_22,-0.8591320334901826,F2_SLACK,18,0.1388888888888889,0.5555555555555556,0.2777777777777778
interval_21_22,-0.8591320334901826,F3_BANKING,18,0.2916666666666667,0.8333333333333334,0.4722222222222222
interval_21_22,-0.8591320334901826,F4_EMAIL,18,0.25,0.6666666666666666,0.3888888888888889
breakpoint_22,-0.8533008790122403,F1_CALENDAR,18,0.25,0.6666666666666666,0.3888888888888889
breakpoint_22,-0.8533008790122403,F2_SLACK,18,0.1527777777777778,0.6111111111111112,0.3055555555555556
breakpoint_22,-0.8533008790122403,F3_BANKING,18,0.2916666666666667,0.8333333333333334,0.4722222222222222
breakpoint_22,-0.8533008790122403,F4_EMAIL,18,0.2638888888888889,0.7222222222222222,0.4166666666666667
interval_22_23,-0.8478582529640917,F1_CALENDAR,18,0.25,0.6666666666666666,0.3888888888888889
interval_22_23,-0.8478582529640917,F2_SLACK,18,0.1527777777777778,0.6111111111111112,0.3055555555555556
interval_22_23,-0.8478582529640917,F3_BANKING,18,0.2916666666666667,0.8333333333333334,0.4722222222222222
interval_22_23,-0.8478582529640917,F4_EMAIL,18,0.2638888888888889,0.7222222222222222,0.4166666666666667
breakpoint_23,-0.8424156269159432,F1_CALENDAR,18,0.2638888888888889,0.7222222222222222,0.4166666666666667
breakpoint_23,-0.8424156269159432,F2_SLACK,18,0.16666666666666666,0.6666666666666666,0.3333333333333333
breakpoint_23,-0.8424156269159432,F3_BANKING,18,0.3055555555555556,0.8888888888888888,0.5
breakpoint_23,-0.8424156269159432,F4_EMAIL,18,0.2638888888888889,0.7222222222222222,0.4166666666666667
interval_23_24,-0.8398148933833406,F1_CALENDAR,18,0.2638888888888889,0.7222222222222222,0.4166666666666667
interval_23_24,-0.8398148933833406,F2_SLACK,18,0.16666666666666666,0.6666666666666666,0.3333333333333333
interval_23_24,-0.8398148933833406,F3_BANKING,18,0.3055555555555556,0.8888888888888888,0.5
interval_23_24,-0.8398148933833406,F4_EMAIL,18,0.2638888888888889,0.7222222222222222,0.4166666666666667
breakpoint_24,-0.837214159850738,F1_CALENDAR,18,0.2777777777777778,0.7777777777777778,0.4444444444444444
breakpoint_24,-0.837214159850738,F2_SLACK,18,0.18055555555555555,0.7222222222222222,0.3611111111111111
breakpoint_24,-0.837214159850738,F3_BANKING,18,0.3055555555555556,0.8888888888888888,0.5
breakpoint_24,-0.837214159850738,F4_EMAIL,18,0.2777777777777778,0.7777777777777778,0.4444444444444444
interval_24_25,-0.8364494032241164,F1_CALENDAR,18,0.2777777777777778,0.7777777777777778,0.4444444444444444
interval_24_25,-0.8364494032241164,F2_SLACK,18,0.18055555555555555,0.7222222222222222,0.3611111111111111
interval_24_25,-0.8364494032241164,F3_BANKING,18,0.3055555555555556,0.8888888888888888,0.5
interval_24_25,-0.8364494032241164,F4_EMAIL,18,0.2777777777777778,0.7777777777777778,0.4444444444444444
breakpoint_25,-0.8356846465974949,F1_CALENDAR,18,0.2916666666666667,0.8333333333333334,0.4722222222222222
breakpoint_25,-0.8356846465974949,F2_SLACK,18,0.19444444444444445,0.7777777777777778,0.3888888888888889
breakpoint_25,-0.8356846465974949,F3_BANKING,18,0.3055555555555556,0.8888888888888888,0.5
breakpoint_25,-0.8356846465974949,F4_EMAIL,18,0.2916666666666667,0.8333333333333334,0.4722222222222222
interval_25_26,-0.8266138867742643,F1_CALENDAR,18,0.2916666666666667,0.8333333333333334,0.4722222222222222
interval_25_26,-0.8266138867742643,F2_SLACK,18,0.19444444444444445,0.7777777777777778,0.3888888888888889
interval_25_26,-0.8266138867742643,F3_BANKING,18,0.3055555555555556,0.8888888888888888,0.5
interval_25_26,-0.8266138867742643,F4_EMAIL,18,0.2916666666666667,0.8333333333333334,0.4722222222222222
breakpoint_26,-0.8175431269510337,F1_CALENDAR,18,0.3055555555555556,0.8888888888888888,0.5
breakpoint_26,-0.8175431269510337,F2_SLACK,18,0.20833333333333334,0.8333333333333334,0.4166666666666667
breakpoint_26,-0.8175431269510337,F3_BANKING,18,0.3055555555555556,0.8888888888888888,0.5
breakpoint_26,-0.8175431269510337,F4_EMAIL,18,0.3055555555555556,0.8888888888888888,0.5
interval_26_27,-0.8081708601050386,F1_CALENDAR,18,0.3055555555555556,0.8888888888888888,0.5
interval_26_27,-0.8081708601050386,F2_SLACK,18,0.20833333333333334,0.8333333333333334,0.4166666666666667
interval_26_27,-0.8081708601050386,F3_BANKING,18,0.3055555555555556,0.8888888888888888,0.5
interval_26_27,-0.8081708601050386,F4_EMAIL,18,0.3055555555555556,0.8888888888888888,0.5
breakpoint_27,-0.7987985932590433,F1_CALENDAR,18,0.3194444444444444,0.9444444444444444,0.5277777777777778
breakpoint_27,-0.7987985932590433,F2_SLACK,18,0.2222222222222222,0.8888888888888888,0.4444444444444444
breakpoint_27,-0.7987985932590433,F3_BANKING,18,0.3055555555555556,0.8888888888888888,0.5
breakpoint_27,-0.7987985932590433,F4_EMAIL,18,0.3194444444444444,0.9444444444444444,0.5277777777777778
interval_27_28,-0.7918400736903629,F1_CALENDAR,18,0.3194444444444444,0.9444444444444444,0.5277777777777778
interval_27_28,-0.7918400736903629,F2_SLACK,18,0.2222222222222222,0.8888888888888888,0.4444444444444444
interval_27_28,-0.7918400736903629,F3_BANKING,18,0.3055555555555556,0.8888888888888888,0.5
interval_27_28,-0.7918400736903629,F4_EMAIL,18,0.3194444444444444,0.9444444444444444,0.5277777777777778
breakpoint_28,-0.7848815541216825,F1_CALENDAR,18,0.3194444444444444,0.9444444444444444,0.5277777777777778
breakpoint_28,-0.7848815541216825,F2_SLACK,18,0.2361111111111111,0.9444444444444444,0.4722222222222222
breakpoint_28,-0.7848815541216825,F3_BANKING,18,0.3194444444444444,0.9444444444444444,0.5277777777777778
breakpoint_28,-0.7848815541216825,F4_EMAIL,18,0.3333333333333333,1.0,0.5555555555555556
interval_28_29,-0.7578146516345072,F1_CALENDAR,18,0.3194444444444444,0.9444444444444444,0.5277777777777778
interval_28_29,-0.7578146516345072,F2_SLACK,18,0.2361111111111111,0.9444444444444444,0.4722222222222222
interval_28_29,-0.7578146516345072,F3_BANKING,18,0.3194444444444444,0.9444444444444444,0.5277777777777778
interval_28_29,-0.7578146516345072,F4_EMAIL,18,0.3333333333333333,1.0,0.5555555555555556
breakpoint_29,-0.7307477491473319,F1_CALENDAR,18,0.3333333333333333,1.0,0.5555555555555556
breakpoint_29,-0.7307477491473319,F2_SLACK,18,0.25,1.0,0.5
breakpoint_29,-0.7307477491473319,F3_BANKING,18,0.3333333333333333,1.0,0.5555555555555556
breakpoint_29,-0.7307477491473319,F4_EMAIL,18,0.3333333333333333,1.0,0.5555555555555556
interval_29_30,-0.4591128677333842,F1_CALENDAR,18,0.3333333333333333,1.0,0.5555555555555556
interval_29_30,-0.4591128677333842,F2_SLACK,18,0.25,1.0,0.5
interval_29_30,-0.4591128677333842,F3_BANKING,18,0.3333333333333333,1.0,0.5555555555555556
interval_29_30,-0.4591128677333842,F4_EMAIL,18,0.3333333333333333,1.0,0.5555555555555556
breakpoint_30,-0.1874779863194366,F1_CALENDAR,18,0.3472222222222222,1.0,0.5462962962962963
breakpoint_30,-0.1874779863194366,F2_SLACK,18,0.25,1.0,0.5
breakpoint_30,-0.1874779863194366,F3_BANKING,18,0.3472222222222222,1.0,0.5462962962962963
breakpoint_30,-0.1874779863194366,F4_EMAIL,18,0.3472222222222222,1.0,0.5462962962962963
interval_30_31,-0.1826724019390074,F1_CALENDAR,18,0.3472222222222222,1.0,0.5462962962962963
interval_30_31,-0.1826724019390074,F2_SLACK,18,0.25,1.0,0.5
interval_30_31,-0.1826724019390074,F3_BANKING,18,0.3472222222222222,1.0,0.5462962962962963
interval_30_31,-0.1826724019390074,F4_EMAIL,18,0.3472222222222222,1.0,0.5462962962962963
breakpoint_31,-0.1778668175585782,F1_CALENDAR,18,0.3611111111111111,1.0,0.5370370370370371
breakpoint_31,-0.1778668175585782,F2_SLACK,18,0.25,1.0,0.5
breakpoint_31,-0.1778668175585782,F3_BANKING,18,0.3611111111111111,1.0,0.5370370370370371
breakpoint_31,-0.1778668175585782,F4_EMAIL,18,0.3611111111111111,1.0,0.5370370370370371
interval_31_32,-0.17100414879041956,F1_CALENDAR,18,0.3611111111111111,1.0,0.5370370370370371
interval_31_32,-0.17100414879041956,F2_SLACK,18,0.25,1.0,0.5
interval_31_32,-0.17100414879041956,F3_BANKING,18,0.3611111111111111,1.0,0.5370370370370371
interval_31_32,-0.17100414879041956,F4_EMAIL,18,0.3611111111111111,1.0,0.5370370370370371
breakpoint_32,-0.16414148002226092,F1_CALENDAR,18,0.375,1.0,0.5277777777777778
breakpoint_32,-0.16414148002226092,F2_SLACK,18,0.25,1.0,0.5
breakpoint_32,-0.16414148002226092,F3_BANKING,18,0.375,1.0,0.5277777777777778
breakpoint_32,-0.16414148002226092,F4_EMAIL,18,0.375,1.0,0.5277777777777778
interval_32_33,-0.14170262598478078,F1_CALENDAR,18,0.375,1.0,0.5277777777777778
interval_32_33,-0.14170262598478078,F2_SLACK,18,0.25,1.0,0.5
interval_32_33,-0.14170262598478078,F3_BANKING,18,0.375,1.0,0.5277777777777778
interval_32_33,-0.14170262598478078,F4_EMAIL,18,0.375,1.0,0.5277777777777778
breakpoint_33,-0.11926377194730062,F1_CALENDAR,18,0.3888888888888889,1.0,0.5185185185185185
breakpoint_33,-0.11926377194730062,F2_SLACK,18,0.25,1.0,0.5
breakpoint_33,-0.11926377194730062,F3_BANKING,18,0.3888888888888889,1.0,0.5185185185185185
breakpoint_33,-0.11926377194730062,F4_EMAIL,18,0.3888888888888889,1.0,0.5185185185185185
interval_33_34,-0.11004555106037556,F1_CALENDAR,18,0.3888888888888889,1.0,0.5185185185185185
interval_33_34,-0.11004555106037556,F2_SLACK,18,0.25,1.0,0.5
interval_33_34,-0.11004555106037556,F3_BANKING,18,0.3888888888888889,1.0,0.5185185185185185
interval_33_34,-0.11004555106037556,F4_EMAIL,18,0.3888888888888889,1.0,0.5185185185185185
breakpoint_34,-0.1008273301734505,F1_CALENDAR,18,0.4027777777777778,0.9444444444444444,0.49074074074074076
breakpoint_34,-0.1008273301734505,F2_SLACK,18,0.25,1.0,0.5
breakpoint_34,-0.1008273301734505,F3_BANKING,18,0.4027777777777778,0.9444444444444444,0.49074074074074076
breakpoint_34,-0.1008273301734505,F4_EMAIL,18,0.4027777777777778,0.9444444444444444,0.49074074074074076
interval_34_35,-0.09578266304027655,F1_CALENDAR,18,0.4027777777777778,0.9444444444444444,0.49074074074074076
interval_34_35,-0.09578266304027655,F2_SLACK,18,0.25,1.0,0.5
interval_34_35,-0.09578266304027655,F3_BANKING,18,0.4027777777777778,0.9444444444444444,0.49074074074074076
interval_34_35,-0.09578266304027655,F4_EMAIL,18,0.4027777777777778,0.9444444444444444,0.49074074074074076
breakpoint_35,-0.09073799590710259,F1_CALENDAR,18,0.4166666666666667,0.8888888888888888,0.46296296296296297
breakpoint_35,-0.09073799590710259,F2_SLACK,18,0.25,1.0,0.5
breakpoint_35,-0.09073799590710259,F3_BANKING,18,0.4166666666666667,0.8888888888888888,0.46296296296296297
breakpoint_35,-0.09073799590710259,F4_EMAIL,18,0.4166666666666667,0.8888888888888888,0.46296296296296297
interval_35_36,-0.08623494945398068,F1_CALENDAR,18,0.4166666666666667,0.8888888888888888,0.46296296296296297
interval_35_36,-0.08623494945398068,F2_SLACK,18,0.25,1.0,0.5
interval_35_36,-0.08623494945398068,F3_BANKING,18,0.4166666666666667,0.8888888888888888,0.46296296296296297
interval_35_36,-0.08623494945398068,F4_EMAIL,18,0.4166666666666667,0.8888888888888888,0.46296296296296297
breakpoint_36,-0.08173190300085877,F1_CALENDAR,18,0.4305555555555556,0.8888888888888888,0.4537037037037037
breakpoint_36,-0.08173190300085877,F2_SLACK,18,0.25,1.0,0.5
breakpoint_36,-0.08173190300085877,F3_BANKING,18,0.4305555555555556,0.8888888888888888,0.4537037037037037
breakpoint_36,-0.08173190300085877,F4_EMAIL,18,0.4305555555555556,0.8888888888888888,0.4537037037037037
interval_36_37,-0.07926846279185816,F1_CALENDAR,18,0.4305555555555556,0.8888888888888888,0.4537037037037037
interval_36_37,-0.07926846279185816,F2_SLACK,18,0.25,1.0,0.5
interval_36_37,-0.07926846279185816,F3_BANKING,18,0.4305555555555556,0.8888888888888888,0.4537037037037037
interval_36_37,-0.07926846279185816,F4_EMAIL,18,0.4305555555555556,0.8888888888888888,0.4537037037037037
breakpoint_37,-0.07680502258285755,F1_CALENDAR,18,0.4444444444444444,0.8888888888888888,0.4444444444444444
breakpoint_37,-0.07680502258285755,F2_SLACK,18,0.25,1.0,0.5
breakpoint_37,-0.07680502258285755,F3_BANKING,18,0.4444444444444444,0.8888888888888888,0.4444444444444444
breakpoint_37,-0.07680502258285755,F4_EMAIL,18,0.4444444444444444,0.8888888888888888,0.4444444444444444
interval_37_38,-0.056816580585999546,F1_CALENDAR,18,0.4444444444444444,0.8888888888888888,0.4444444444444444
interval_37_38,-0.056816580585999546,F2_SLACK,18,0.25,1.0,0.5
interval_37_38,-0.056816580585999546,F3_BANKING,18,0.4444444444444444,0.8888888888888888,0.4444444444444444
interval_37_38,-0.056816580585999546,F4_EMAIL,18,0.4444444444444444,0.8888888888888888,0.4444444444444444
breakpoint_38,-0.036828138589141544,F1_CALENDAR,18,0.4583333333333333,0.8333333333333334,0.4166666666666667
breakpoint_38,-0.036828138589141544,F2_SLACK,18,0.25,1.0,0.5
breakpoint_38,-0.036828138589141544,F3_BANKING,18,0.4583333333333333,0.8333333333333334,0.4166666666666667
breakpoint_38,-0.036828138589141544,F4_EMAIL,18,0.4583333333333333,0.8333333333333334,0.4166666666666667
interval_38_39,-0.03173484339103934,F1_CALENDAR,18,0.4583333333333333,0.8333333333333334,0.4166666666666667
interval_38_39,-0.03173484339103934,F2_SLACK,18,0.25,1.0,0.5
interval_38_39,-0.03173484339103934,F3_BANKING,18,0.4583333333333333,0.8333333333333334,0.4166666666666667
interval_38_39,-0.03173484339103934,F4_EMAIL,18,0.4583333333333333,0.8333333333333334,0.4166666666666667
breakpoint_39,-0.026641548192937136,F1_CALENDAR,18,0.4722222222222222,0.7777777777777778,0.3888888888888889
breakpoint_39,-0.026641548192937136,F2_SLACK,18,0.25,1.0,0.5
breakpoint_39,-0.026641548192937136,F3_BANKING,18,0.4722222222222222,0.7777777777777778,0.3888888888888889
breakpoint_39,-0.026641548192937136,F4_EMAIL,18,0.4722222222222222,0.7777777777777778,0.3888888888888889
interval_39_40,-0.023411175975498577,F1_CALENDAR,18,0.4722222222222222,0.7777777777777778,0.3888888888888889
interval_39_40,-0.023411175975498577,F2_SLACK,18,0.25,1.0,0.5
interval_39_40,-0.023411175975498577,F3_BANKING,18,0.4722222222222222,0.7777777777777778,0.3888888888888889
interval_39_40,-0.023411175975498577,F4_EMAIL,18,0.4722222222222222,0.7777777777777778,0.3888888888888889
breakpoint_40,-0.020180803758060018,F1_CALENDAR,18,0.4861111111111111,0.7777777777777778,0.39814814814814814
breakpoint_40,-0.020180803758060018,F2_SLACK,18,0.2638888888888889,1.0,0.5092592592592593
breakpoint_40,-0.020180803758060018,F3_BANKING,18,0.4722222222222222,0.7777777777777778,0.3888888888888889
breakpoint_40,-0.020180803758060018,F4_EMAIL,18,0.4861111111111111,0.7777777777777778,0.39814814814814814
interval_40_41,-0.004349541909630017,F1_CALENDAR,18,0.4861111111111111,0.7777777777777778,0.39814814814814814
interval_40_41,-0.004349541909630017,F2_SLACK,18,0.2638888888888889,1.0,0.5092592592592593
interval_40_41,-0.004349541909630017,F3_BANKING,18,0.4722222222222222,0.7777777777777778,0.3888888888888889
interval_40_41,-0.004349541909630017,F4_EMAIL,18,0.4861111111111111,0.7777777777777778,0.39814814814814814
breakpoint_41,0.011481719938799984,F1_CALENDAR,18,0.5,0.7222222222222222,0.37037037037037035
breakpoint_41,0.011481719938799984,F2_SLACK,18,0.2638888888888889,1.0,0.5092592592592593
breakpoint_41,0.011481719938799984,F3_BANKING,18,0.4861111111111111,0.7222222222222222,0.3611111111111111
breakpoint_41,0.011481719938799984,F4_EMAIL,18,0.5,0.7222222222222222,0.37037037037037035
interval_41_42,0.014479404569663363,F1_CALENDAR,18,0.5,0.7222222222222222,0.37037037037037035
interval_41_42,0.014479404569663363,F2_SLACK,18,0.2638888888888889,1.0,0.5092592592592593
interval_41_42,0.014479404569663363,F3_BANKING,18,0.4861111111111111,0.7222222222222222,0.3611111111111111
interval_41_42,0.014479404569663363,F4_EMAIL,18,0.5,0.7222222222222222,0.37037037037037035
breakpoint_42,0.017477089200526742,F1_CALENDAR,18,0.5,0.7222222222222222,0.37037037037037035
breakpoint_42,0.017477089200526742,F2_SLACK,18,0.2777777777777778,1.0,0.5185185185185185
breakpoint_42,0.017477089200526742,F3_BANKING,18,0.5,0.7222222222222222,0.37037037037037035
breakpoint_42,0.017477089200526742,F4_EMAIL,18,0.5138888888888888,0.7222222222222222,0.37962962962962965
interval_42_43,0.023297735920398615,F1_CALENDAR,18,0.5,0.7222222222222222,0.37037037037037035
interval_42_43,0.023297735920398615,F2_SLACK,18,0.2777777777777778,1.0,0.5185185185185185
interval_42_43,0.023297735920398615,F3_BANKING,18,0.5,0.7222222222222222,0.37037037037037035
interval_42_43,0.023297735920398615,F4_EMAIL,18,0.5138888888888888,0.7222222222222222,0.37962962962962965
breakpoint_43,0.029118382640270488,F1_CALENDAR,18,0.5138888888888888,0.6666666666666666,0.3425925925925926
breakpoint_43,0.029118382640270488,F2_SLACK,18,0.2777777777777778,1.0,0.5185185185185185
breakpoint_43,0.029118382640270488,F3_BANKING,18,0.5138888888888888,0.6666666666666666,0.3425925925925926
breakpoint_43,0.029118382640270488,F4_EMAIL,18,0.5277777777777778,0.6666666666666666,0.35185185185185186
interval_43_44,0.02922903882882661,F1_CALENDAR,18,0.5138888888888888,0.6666666666666666,0.3425925925925926
interval_43_44,0.02922903882882661,F2_SLACK,18,0.2777777777777778,1.0,0.5185185185185185
interval_43_44,0.02922903882882661,F3_BANKING,18,0.5138888888888888,0.6666666666666666,0.3425925925925926
interval_43_44,0.02922903882882661,F4_EMAIL,18,0.5277777777777778,0.6666666666666666,0.35185185185185186
breakpoint_44,0.029339695017382737,F1_CALENDAR,18,0.5277777777777778,0.6666666666666666,0.35185185185185186
breakpoint_44,0.029339695017382737,F2_SLACK,18,0.2916666666666667,1.0,0.5277777777777778
breakpoint_44,0.029339695017382737,F3_BANKING,18,0.5277777777777778,0.6666666666666666,0.35185185185185186
breakpoint_44,0.029339695017382737,F4_EMAIL,18,0.5277777777777778,0.6666666666666666,0.35185185185185186
interval_44_45,0.03643356114464434,F1_CALENDAR,18,0.5277777777777778,0.6666666666666666,0.35185185185185186
interval_44_45,0.03643356114464434,F2_SLACK,18,0.2916666666666667,1.0,0.5277777777777778
interval_44_45,0.03643356114464434,F3_BANKING,18,0.5277777777777778,0.6666666666666666,0.35185185185185186
interval_44_45,0.03643356114464434,F4_EMAIL,18,0.5277777777777778,0.6666666666666666,0.35185185185185186
breakpoint_45,0.04352742727190595,F1_CALENDAR,18,0.5416666666666666,0.6666666666666666,0.3611111111111111
breakpoint_45,0.04352742727190595,F2_SLACK,18,0.3055555555555556,1.0,0.5370370370370371
breakpoint_45,0.04352742727190595,F3_BANKING,18,0.5416666666666666,0.6666666666666666,0.3611111111111111
breakpoint_45,0.04352742727190595,F4_EMAIL,18,0.5277777777777778,0.6666666666666666,0.35185185185185186
interval_45_46,0.05249126637576073,F1_CALENDAR,18,0.5416666666666666,0.6666666666666666,0.3611111111111111
interval_45_46,0.05249126637576073,F2_SLACK,18,0.3055555555555556,1.0,0.5370370370370371
interval_45_46,0.05249126637576073,F3_BANKING,18,0.5416666666666666,0.6666666666666666,0.3611111111111111
interval_45_46,0.05249126637576073,F4_EMAIL,18,0.5277777777777778,0.6666666666666666,0.35185185185185186
breakpoint_46,0.06145510547961551,F1_CALENDAR,18,0.5555555555555556,0.6666666666666666,0.37037037037037035
breakpoint_46,0.06145510547961551,F2_SLACK,18,0.3194444444444444,1.0,0.5462962962962963
breakpoint_46,0.06145510547961551,F3_BANKING,18,0.5416666666666666,0.6666666666666666,0.3611111111111111
breakpoint_46,0.06145510547961551,F4_EMAIL,18,0.5416666666666666,0.6666666666666666,0.3611111111111111
interval_46_47,0.06172598809743758,F1_CALENDAR,18,0.5555555555555556,0.6666666666666666,0.37037037037037035
interval_46_47,0.06172598809743758,F2_SLACK,18,0.3194444444444444,1.0,0.5462962962962963
interval_46_47,0.06172598809743758,F3_BANKING,18,0.5416666666666666,0.6666666666666666,0.3611111111111111
interval_46_47,0.06172598809743758,F4_EMAIL,18,0.5416666666666666,0.6666666666666666,0.3611111111111111
breakpoint_47,0.06199687071525966,F1_CALENDAR,18,0.5694444444444444,0.6666666666666666,0.37962962962962965
breakpoint_47,0.06199687071525966,F2_SLACK,18,0.3333333333333333,1.0,0.5555555555555556
breakpoint_47,0.06199687071525966,F3_BANKING,18,0.5416666666666666,0.6666666666666666,0.3611111111111111
breakpoint_47,0.06199687071525966,F4_EMAIL,18,0.5555555555555556,0.6666666666666666,0.37037037037037035
interval_47_48,0.06463783551240747,F1_CALENDAR,18,0.5694444444444444,0.6666666666666666,0.37962962962962965
interval_47_48,0.06463783551240747,F2_SLACK,18,0.3333333333333333,1.0,0.5555555555555556
interval_47_48,0.06463783551240747,F3_BANKING,18,0.5416666666666666,0.6666666666666666,0.3611111111111111
interval_47_48,0.06463783551240747,F4_EMAIL,18,0.5555555555555556,0.6666666666666666,0.37037037037037035
breakpoint_48,0.06727880030955528,F1_CALENDAR,18,0.5833333333333334,0.6666666666666666,0.3888888888888889
breakpoint_48,0.06727880030955528,F2_SLACK,18,0.3472222222222222,1.0,0.5648148148148148
breakpoint_48,0.06727880030955528,F3_BANKING,18,0.5416666666666666,0.6666666666666666,0.3611111111111111
breakpoint_48,0.06727880030955528,F4_EMAIL,18,0.5694444444444444,0.6666666666666666,0.37962962962962965
interval_48_49,0.06922165076562532,F1_CALENDAR,18,0.5833333333333334,0.6666666666666666,0.3888888888888889
interval_48_49,0.06922165076562532,F2_SLACK,18,0.3472222222222222,1.0,0.5648148148148148
interval_48_49,0.06922165076562532,F3_BANKING,18,0.5416666666666666,0.6666666666666666,0.3611111111111111
interval_48_49,0.06922165076562532,F4_EMAIL,18,0.5694444444444444,0.6666666666666666,0.37962962962962965
breakpoint_49,0.07116450122169536,F1_CALENDAR,18,0.5972222222222222,0.6666666666666666,0.39814814814814814
breakpoint_49,0.07116450122169536,F2_SLACK,18,0.3611111111111111,1.0,0.5740740740740741
breakpoint_49,0.07116450122169536,F3_BANKING,18,0.5555555555555556,0.6666666666666666,0.37037037037037035
breakpoint_49,0.07116450122169536,F4_EMAIL,18,0.5694444444444444,0.6666666666666666,0.37962962962962965
interval_49_50,0.07638109666354356,F1_CALENDAR,18,0.5972222222222222,0.6666666666666666,0.39814814814814814
interval_49_50,0.07638109666354356,F2_SLACK,18,0.3611111111111111,1.0,0.5740740740740741
interval_49_50,0.07638109666354356,F3_BANKING,18,0.5555555555555556,0.6666666666666666,0.37037037037037035
interval_49_50,0.07638109666354356,F4_EMAIL,18,0.5694444444444444,0.6666666666666666,0.37962962962962965
breakpoint_50,0.08159769210539175,F1_CALENDAR,18,0.6111111111111112,0.6666666666666666,0.3888888888888889
breakpoint_50,0.08159769210539175,F2_SLACK,18,0.375,1.0,0.5648148148148148
breakpoint_50,0.08159769210539175,F3_BANKING,18,0.5555555555555556,0.6666666666666666,0.37037037037037035
breakpoint_50,0.08159769210539175,F4_EMAIL,18,0.5833333333333334,0.6666666666666666,0.37037037037037035
interval_50_51,0.0817890416827897,F1_CALENDAR,18,0.6111111111111112,0.6666666666666666,0.3888888888888889
interval_50_51,0.0817890416827897,F2_SLACK,18,0.375,1.0,0.5648148148148148
interval_50_51,0.0817890416827897,F3_BANKING,18,0.5555555555555556,0.6666666666666666,0.37037037037037035
interval_50_51,0.0817890416827897,F4_EMAIL,18,0.5833333333333334,0.6666666666666666,0.37037037037037035
breakpoint_51,0.08198039126018766,F1_CALENDAR,18,0.625,0.6666666666666666,0.37962962962962965
breakpoint_51,0.08198039126018766,F2_SLACK,18,0.3888888888888889,1.0,0.5555555555555556
breakpoint_51,0.08198039126018766,F3_BANKING,18,0.5555555555555556,0.6666666666666666,0.37037037037037035
breakpoint_51,0.08198039126018766,F4_EMAIL,18,0.5972222222222222,0.6666666666666666,0.3611111111111111
interval_51_52,0.09065005044493235,F1_CALENDAR,18,0.625,0.6666666666666666,0.37962962962962965
interval_51_52,0.09065005044493235,F2_SLACK,18,0.3888888888888889,1.0,0.5555555555555556
interval_51_52,0.09065005044493235,F3_BANKING,18,0.5555555555555556,0.6666666666666666,0.37037037037037035
interval_51_52,0.09065005044493235,F4_EMAIL,18,0.5972222222222222,0.6666666666666666,0.3611111111111111
breakpoint_52,0.09931970962967704,F1_CALENDAR,18,0.6388888888888888,0.6666666666666666,0.3888888888888889
breakpoint_52,0.09931970962967704,F2_SLACK,18,0.4027777777777778,1.0,0.5648148148148148
breakpoint_52,0.09931970962967704,F3_BANKING,18,0.5555555555555556,0.6666666666666666,0.37037037037037035
breakpoint_52,0.09931970962967704,F4_EMAIL,18,0.6111111111111112,0.6666666666666666,0.37037037037037035
interval_52_53,0.10329752539604026,F1_CALENDAR,18,0.6388888888888888,0.6666666666666666,0.3888888888888889
interval_52_53,0.10329752539604026,F2_SLACK,18,0.4027777777777778,1.0,0.5648148148148148
interval_52_53,0.10329752539604026,F3_BANKING,18,0.5555555555555556,0.6666666666666666,0.37037037037037035
interval_52_53,0.10329752539604026,F4_EMAIL,18,0.6111111111111112,0.6666666666666666,0.37037037037037035
breakpoint_53,0.10727534116240349,F1_CALENDAR,18,0.6527777777777778,0.6666666666666666,0.39814814814814814
breakpoint_53,0.10727534116240349,F2_SLACK,18,0.4166666666666667,1.0,0.5740740740740741
breakpoint_53,0.10727534116240349,F3_BANKING,18,0.5694444444444444,0.6666666666666666,0.37962962962962965
breakpoint_53,0.10727534116240349,F4_EMAIL,18,0.6111111111111112,0.6666666666666666,0.37037037037037035
interval_53_54,0.10969031272256458,F1_CALENDAR,18,0.6527777777777778,0.6666666666666666,0.39814814814814814
interval_53_54,0.10969031272256458,F2_SLACK,18,0.4166666666666667,1.0,0.5740740740740741
interval_53_54,0.10969031272256458,F3_BANKING,18,0.5694444444444444,0.6666666666666666,0.37962962962962965
interval_53_54,0.10969031272256458,F4_EMAIL,18,0.6111111111111112,0.6666666666666666,0.37037037037037035
breakpoint_54,0.11210528428272566,F1_CALENDAR,18,0.6666666666666666,0.6666666666666666,0.4074074074074074
breakpoint_54,0.11210528428272566,F2_SLACK,18,0.4305555555555556,1.0,0.5833333333333334
breakpoint_54,0.11210528428272566,F3_BANKING,18,0.5833333333333334,0.6666666666666666,0.3888888888888889
breakpoint_54,0.11210528428272566,F4_EMAIL,18,0.6111111111111112,0.6666666666666666,0.37037037037037035
interval_54_55,0.11601676649444406,F1_CALENDAR,18,0.6666666666666666,0.6666666666666666,0.4074074074074074
interval_54_55,0.11601676649444406,F2_SLACK,18,0.4305555555555556,1.0,0.5833333333333334
interval_54_55,0.11601676649444406,F3_BANKING,18,0.5833333333333334,0.6666666666666666,0.3888888888888889
interval_54_55,0.11601676649444406,F4_EMAIL,18,0.6111111111111112,0.6666666666666666,0.37037037037037035
breakpoint_55,0.11992824870616248,F1_CALENDAR,18,0.6805555555555556,0.6666666666666666,0.39814814814814814
breakpoint_55,0.11992824870616248,F2_SLACK,18,0.4444444444444444,1.0,0.5740740740740741
breakpoint_55,0.11992824870616248,F3_BANKING,18,0.5833333333333334,0.6666666666666666,0.3888888888888889
breakpoint_55,0.11992824870616248,F4_EMAIL,18,0.625,0.6666666666666666,0.3611111111111111
interval_55_56,0.1220202407002609,F1_CALENDAR,18,0.6805555555555556,0.6666666666666666,0.39814814814814814
interval_55_56,0.1220202407002609,F2_SLACK,18,0.4444444444444444,1.0,0.5740740740740741
interval_55_56,0.1220202407002609,F3_BANKING,18,0.5833333333333334,0.6666666666666666,0.3888888888888889
interval_55_56,0.1220202407002609,F4_EMAIL,18,0.625,0.6666666666666666,0.3611111111111111
breakpoint_56,0.12411223269435935,F1_CALENDAR,18,0.6944444444444444,0.6666666666666666,0.4074074074074074
breakpoint_56,0.12411223269435935,F2_SLACK,18,0.4583333333333333,1.0,0.5833333333333334
breakpoint_56,0.12411223269435935,F3_BANKING,18,0.5833333333333334,0.6666666666666666,0.3888888888888889
breakpoint_56,0.12411223269435935,F4_EMAIL,18,0.6388888888888888,0.6666666666666666,0.37037037037037035
interval_56_57,0.12806572293148522,F1_CALENDAR,18,0.6944444444444444,0.6666666666666666,0.4074074074074074
interval_56_57,0.12806572293148522,F2_SLACK,18,0.4583333333333333,1.0,0.5833333333333334
interval_56_57,0.12806572293148522,F3_BANKING,18,0.5833333333333334,0.6666666666666666,0.3888888888888889
interval_56_57,0.12806572293148522,F4_EMAIL,18,0.6388888888888888,0.6666666666666666,0.37037037037037035
breakpoint_57,0.1320192131686111,F1_CALENDAR,18,0.7083333333333334,0.6666666666666666,0.4166666666666667
breakpoint_57,0.1320192131686111,F2_SLACK,18,0.4722222222222222,1.0,0.5925925925925926
breakpoint_57,0.1320192131686111,F3_BANKING,18,0.5972222222222222,0.6666666666666666,0.39814814814814814
breakpoint_57,0.1320192131686111,F4_EMAIL,18,0.6388888888888888,0.6666666666666666,0.37037037037037035
interval_57_58,0.13864222073872023,F1_CALENDAR,18,0.7083333333333334,0.6666666666666666,0.4166666666666667
interval_57_58,0.13864222073872023,F2_SLACK,18,0.4722222222222222,1.0,0.5925925925925926
interval_57_58,0.13864222073872023,F3_BANKING,18,0.5972222222222222,0.6666666666666666,0.39814814814814814
interval_57_58,0.13864222073872023,F4_EMAIL,18,0.6388888888888888,0.6666666666666666,0.37037037037037035
breakpoint_58,0.14526522830882935,F1_CALENDAR,18,0.7083333333333334,0.6666666666666666,0.4166666666666667
breakpoint_58,0.14526522830882935,F2_SLACK,18,0.4861111111111111,1.0,0.6018518518518519
breakpoint_58,0.14526522830882935,F3_BANKING,18,0.6111111111111112,0.6666666666666666,0.4074074074074074
breakpoint_58,0.14526522830882935,F4_EMAIL,18,0.6527777777777778,0.6666666666666666,0.37962962962962965
interval_58_59,0.15898606822468148,F1_CALENDAR,18,0.7083333333333334,0.6666666666666666,0.4166666666666667
interval_58_59,0.15898606822468148,F2_SLACK,18,0.4861111111111111,1.0,0.6018518518518519
interval_58_59,0.15898606822468148,F3_BANKING,18,0.6111111111111112,0.6666666666666666,0.4074074074074074
interval_58_59,0.15898606822468148,F4_EMAIL,18,0.6527777777777778,0.6666666666666666,0.37962962962962965
breakpoint_59,0.1727069081405336,F1_CALENDAR,18,0.7222222222222222,0.6666666666666666,0.4074074074074074
breakpoint_59,0.1727069081405336,F2_SLACK,18,0.5,1.0,0.5925925925925926
breakpoint_59,0.1727069081405336,F3_BANKING,18,0.6111111111111112,0.6666666666666666,0.4074074074074074
breakpoint_59,0.1727069081405336,F4_EMAIL,18,0.6666666666666666,0.6666666666666666,0.37037037037037035
interval_59_60,0.17272310790485026,F1_CALENDAR,18,0.7222222222222222,0.6666666666666666,0.4074074074074074
interval_59_60,0.17272310790485026,F2_SLACK,18,0.5,1.0,0.5925925925925926
interval_59_60,0.17272310790485026,F3_BANKING,18,0.6111111111111112,0.6666666666666666,0.4074074074074074
interval_59_60,0.17272310790485026,F4_EMAIL,18,0.6666666666666666,0.6666666666666666,0.37037037037037035
breakpoint_60,0.17273930766916692,F1_CALENDAR,18,0.7222222222222222,0.6666666666666666,0.4074074074074074
breakpoint_60,0.17273930766916692,F2_SLACK,18,0.5138888888888888,1.0,0.6018518518518519
breakpoint_60,0.17273930766916692,F3_BANKING,18,0.625,0.6666666666666666,0.4166666666666667
breakpoint_60,0.17273930766916692,F4_EMAIL,18,0.6805555555555556,0.6666666666666666,0.37962962962962965
interval_60_61,0.17481561647997723,F1_CALENDAR,18,0.7222222222222222,0.6666666666666666,0.4074074074074074
interval_60_61,0.17481561647997723,F2_SLACK,18,0.5138888888888888,1.0,0.6018518518518519
interval_60_61,0.17481561647997723,F3_BANKING,18,0.625,0.6666666666666666,0.4166666666666667
interval_60_61,0.17481561647997723,F4_EMAIL,18,0.6805555555555556,0.6666666666666666,0.37962962962962965
breakpoint_61,0.1768919252907875,F1_CALENDAR,18,0.7361111111111112,0.6666666666666666,0.39814814814814814
breakpoint_61,0.1768919252907875,F2_SLACK,18,0.5277777777777778,1.0,0.5925925925925926
breakpoint_61,0.1768919252907875,F3_BANKING,18,0.6388888888888888,0.6666666666666666,0.4074074074074074
breakpoint_61,0.1768919252907875,F4_EMAIL,18,0.6805555555555556,0.6666666666666666,0.37962962962962965
interval_61_62,0.19048452666000204,F1_CALENDAR,18,0.7361111111111112,0.6666666666666666,0.39814814814814814
interval_61_62,0.19048452666000204,F2_SLACK,18,0.5277777777777778,1.0,0.5925925925925926
interval_61_62,0.19048452666000204,F3_BANKING,18,0.6388888888888888,0.6666666666666666,0.4074074074074074
interval_61_62,0.19048452666000204,F4_EMAIL,18,0.6805555555555556,0.6666666666666666,0.37962962962962965
breakpoint_62,0.20407712802921654,F1_CALENDAR,18,0.7361111111111112,0.6666666666666666,0.39814814814814814
breakpoint_62,0.20407712802921654,F2_SLACK,18,0.5416666666666666,1.0,0.6018518518518519
breakpoint_62,0.20407712802921654,F3_BANKING,18,0.6527777777777778,0.6666666666666666,0.4166666666666667
breakpoint_62,0.20407712802921654,F4_EMAIL,18,0.6944444444444444,0.6666666666666666,0.3888888888888889
interval_62_63,0.21148022578576087,F1_CALENDAR,18,0.7361111111111112,0.6666666666666666,0.39814814814814814
interval_62_63,0.21148022578576087,F2_SLACK,18,0.5416666666666666,1.0,0.6018518518518519
interval_62_63,0.21148022578576087,F3_BANKING,18,0.6527777777777778,0.6666666666666666,0.4166666666666667
interval_62_63,0.21148022578576087,F4_EMAIL,18,0.6944444444444444,0.6666666666666666,0.3888888888888889
breakpoint_63,0.2188833235423052,F1_CALENDAR,18,0.7361111111111112,0.6666666666666666,0.39814814814814814
breakpoint_63,0.2188833235423052,F2_SLACK,18,0.5555555555555556,1.0,0.6111111111111112
breakpoint_63,0.2188833235423052,F3_BANKING,18,0.6666666666666666,0.6666666666666666,0.42592592592592593
breakpoint_63,0.2188833235423052,F4_EMAIL,18,0.7083333333333334,0.6666666666666666,0.39814814814814814
interval_63_64,0.23290093670549922,F1_CALENDAR,18,0.7361111111111112,0.6666666666666666,0.39814814814814814
interval_63_64,0.23290093670549922,F2_SLACK,18,0.5555555555555556,1.0,0.6111111111111112
interval_63_64,0.23290093670549922,F3_BANKING,18,0.6666666666666666,0.6666666666666666,0.42592592592592593
interval_63_64,0.23290093670549922,F4_EMAIL,18,0.7083333333333334,0.6666666666666666,0.39814814814814814
breakpoint_64,0.24691854986869324,F1_CALENDAR,18,0.75,0.6666666666666666,0.3888888888888889
breakpoint_64,0.24691854986869324,F2_SLACK,18,0.5694444444444444,1.0,0.6018518518518519
breakpoint_64,0.24691854986869324,F3_BANKING,18,0.6666666666666666,0.6666666666666666,0.42592592592592593
breakpoint_64,0.24691854986869324,F4_EMAIL,18,0.7222222222222222,0.6666666666666666,0.3888888888888889
interval_64_65,0.2678941001578909,F1_CALENDAR,18,0.75,0.6666666666666666,0.3888888888888889
interval_64_65,0.2678941001578909,F2_SLACK,18,0.5694444444444444,1.0,0.6018518518518519
interval_64_65,0.2678941001578909,F3_BANKING,18,0.6666666666666666,0.6666666666666666,0.42592592592592593
interval_64_65,0.2678941001578909,F4_EMAIL,18,0.7222222222222222,0.6666666666666666,0.3888888888888889
breakpoint_65,0.28886965044708857,F1_CALENDAR,18,0.75,0.6666666666666666,0.3888888888888889
breakpoint_65,0.28886965044708857,F2_SLACK,18,0.5833333333333334,1.0,0.5925925925925926
breakpoint_65,0.28886965044708857,F3_BANKING,18,0.6805555555555556,0.6666666666666666,0.4166666666666667
breakpoint_65,0.28886965044708857,F4_EMAIL,18,0.7361111111111112,0.6666666666666666,0.37962962962962965
interval_65_66,0.31042201449158335,F1_CALENDAR,18,0.75,0.6666666666666666,0.3888888888888889
interval_65_66,0.31042201449158335,F2_SLACK,18,0.5833333333333334,1.0,0.5925925925925926
interval_65_66,0.31042201449158335,F3_BANKING,18,0.6805555555555556,0.6666666666666666,0.4166666666666667
interval_65_66,0.31042201449158335,F4_EMAIL,18,0.7361111111111112,0.6666666666666666,0.37962962962962965
breakpoint_66,0.33197437853607814,F1_CALENDAR,18,0.75,0.6666666666666666,0.3888888888888889
breakpoint_66,0.33197437853607814,F2_SLACK,18,0.5972222222222222,1.0,0.6018518518518519
breakpoint_66,0.33197437853607814,F3_BANKING,18,0.6944444444444444,0.6666666666666666,0.42592592592592593
breakpoint_66,0.33197437853607814,F4_EMAIL,18,0.75,0.6666666666666666,0.3888888888888889
interval_66_67,0.3445947565035259,F1_CALENDAR,18,0.75,0.6666666666666666,0.3888888888888889
interval_66_67,0.3445947565035259,F2_SLACK,18,0.5972222222222222,1.0,0.6018518518518519
interval_66_67,0.3445947565035259,F3_BANKING,18,0.6944444444444444,0.6666666666666666,0.42592592592592593
interval_66_67,0.3445947565035259,F4_EMAIL,18,0.75,0.6666666666666666,0.3888888888888889
breakpoint_67,0.35721513447097364,F1_CALENDAR,18,0.7638888888888888,0.6666666666666666,0.37962962962962965
breakpoint_67,0.35721513447097364,F2_SLACK,18,0.6111111111111112,1.0,0.5925925925925926
breakpoint_67,0.35721513447097364,F3_BANKING,18,0.6944444444444444,0.6666666666666666,0.42592592592592593
breakpoint_67,0.35721513447097364,F4_EMAIL,18,0.7638888888888888,0.6666666666666666,0.37962962962962965
interval_67_68,0.35833883571816116,F1_CALENDAR,18,0.7638888888888888,0.6666666666666666,0.37962962962962965
interval_67_68,0.35833883571816116,F2_SLACK,18,0.6111111111111112,1.0,0.5925925925925926
interval_67_68,0.35833883571816116,F3_BANKING,18,0.6944444444444444,0.6666666666666666,0.42592592592592593
interval_67_68,0.35833883571816116,F4_EMAIL,18,0.7638888888888888,0.6666666666666666,0.37962962962962965
breakpoint_68,0.3594625369653487,F1_CALENDAR,18,0.7638888888888888,0.6666666666666666,0.37962962962962965
breakpoint_68,0.3594625369653487,F2_SLACK,18,0.625,1.0,0.5833333333333334
breakpoint_68,0.3594625369653487,F3_BANKING,18,0.7083333333333334,0.6666666666666666,0.4166666666666667
breakpoint_68,0.3594625369653487,F4_EMAIL,18,0.7777777777777778,0.6666666666666666,0.37037037037037035
interval_68_69,0.35957888585953446,F1_CALENDAR,18,0.7638888888888888,0.6666666666666666,0.37962962962962965
interval_68_69,0.35957888585953446,F2_SLACK,18,0.625,1.0,0.5833333333333334
interval_68_69,0.35957888585953446,F3_BANKING,18,0.7083333333333334,0.6666666666666666,0.4166666666666667
interval_68_69,0.35957888585953446,F4_EMAIL,18,0.7777777777777778,0.6666666666666666,0.37037037037037035
breakpoint_69,0.35969523475372017,F1_CALENDAR,18,0.7638888888888888,0.6666666666666666,0.37962962962962965
breakpoint_69,0.35969523475372017,F2_SLACK,18,0.6388888888888888,1.0,0.5740740740740741
breakpoint_69,0.35969523475372017,F3_BANKING,18,0.7222222222222222,0.6666666666666666,0.4074074074074074
breakpoint_69,0.35969523475372017,F4_EMAIL,18,0.7916666666666666,0.6666666666666666,0.3611111111111111
interval_69_70,0.366748175622705,F1_CALENDAR,18,0.7638888888888888,0.6666666666666666,0.37962962962962965
interval_69_70,0.366748175622705,F2_SLACK,18,0.6388888888888888,1.0,0.5740740740740741
interval_69_70,0.366748175622705,F3_BANKING,18,0.7222222222222222,0.6666666666666666,0.4074074074074074
interval_69_70,0.366748175622705,F4_EMAIL,18,0.7916666666666666,0.6666666666666666,0.3611111111111111
breakpoint_70,0.37380111649168984,F1_CALENDAR,18,0.7638888888888888,0.6666666666666666,0.37962962962962965
breakpoint_70,0.37380111649168984,F2_SLACK,18,0.6527777777777778,1.0,0.5648148148148148
breakpoint_70,0.37380111649168984,F3_BANKING,18,0.7361111111111112,0.6666666666666666,0.39814814814814814
breakpoint_70,0.37380111649168984,F4_EMAIL,18,0.8055555555555556,0.6666666666666666,0.35185185185185186
interval_70_71,0.4061053100145085,F1_CALENDAR,18,0.7638888888888888,0.6666666666666666,0.37962962962962965
interval_70_71,0.4061053100145085,F2_SLACK,18,0.6527777777777778,1.0,0.5648148148148148
interval_70_71,0.4061053100145085,F3_BANKING,18,0.7361111111111112,0.6666666666666666,0.39814814814814814
interval_70_71,0.4061053100145085,F4_EMAIL,18,0.8055555555555556,0.6666666666666666,0.35185185185185186
breakpoint_71,0.43840950353732716,F1_CALENDAR,18,0.7638888888888888,0.6666666666666666,0.37962962962962965
breakpoint_71,0.43840950353732716,F2_SLACK,18,0.6666666666666666,1.0,0.5555555555555556
breakpoint_71,0.43840950353732716,F3_BANKING,18,0.75,0.6666666666666666,0.3888888888888889
breakpoint_71,0.43840950353732716,F4_EMAIL,18,0.8194444444444444,0.6666666666666666,0.3425925925925926
interval_71_72,0.4402431330954423,F1_CALENDAR,18,0.7638888888888888,0.6666666666666666,0.37962962962962965
interval_71_72,0.4402431330954423,F2_SLACK,18,0.6666666666666666,1.0,0.5555555555555556
interval_71_72,0.4402431330954423,F3_BANKING,18,0.75,0.6666666666666666,0.3888888888888889
interval_71_72,0.4402431330954423,F4_EMAIL,18,0.8194444444444444,0.6666666666666666,0.3425925925925926
breakpoint_72,0.4420767626535574,F1_CALENDAR,18,0.7638888888888888,0.6666666666666666,0.37962962962962965
breakpoint_72,0.4420767626535574,F2_SLACK,18,0.6805555555555556,1.0,0.5462962962962963
breakpoint_72,0.4420767626535574,F3_BANKING,18,0.7638888888888888,0.6666666666666666,0.37962962962962965
breakpoint_72,0.4420767626535574,F4_EMAIL,18,0.8333333333333334,0.6666666666666666,0.3333333333333333
interval_72_73,0.4430733841705498,F1_CALENDAR,18,0.7638888888888888,0.6666666666666666,0.37962962962962965
interval_72_73,0.4430733841705498,F2_SLACK,18,0.6805555555555556,1.0,0.5462962962962963
interval_72_73,0.4430733841705498,F3_BANKING,18,0.7638888888888888,0.6666666666666666,0.37962962962962965
interval_72_73,0.4430733841705498,F4_EMAIL,18,0.8333333333333334,0.6666666666666666,0.3333333333333333
breakpoint_73,0.44407000568754224,F1_CALENDAR,18,0.7777777777777778,0.6666666666666666,0.37037037037037035
breakpoint_73,0.44407000568754224,F2_SLACK,18,0.6944444444444444,1.0,0.5370370370370371
breakpoint_73,0.44407000568754224,F3_BANKING,18,0.7777777777777778,0.6666666666666666,0.37037037037037035
breakpoint_73,0.44407000568754224,F4_EMAIL,18,0.8333333333333334,0.6666666666666666,0.3333333333333333
interval_73_74,0.47938385568432795,F1_CALENDAR,18,0.7777777777777778,0.6666666666666666,0.37037037037037035
interval_73_74,0.47938385568432795,F2_SLACK,18,0.6944444444444444,1.0,0.5370370370370371
interval_73_74,0.47938385568432795,F3_BANKING,18,0.7777777777777778,0.6666666666666666,0.37037037037037035
interval_73_74,0.47938385568432795,F4_EMAIL,18,0.8333333333333334,0.6666666666666666,0.3333333333333333
breakpoint_74,0.5146977056811137,F1_CALENDAR,18,0.7916666666666666,0.6666666666666666,0.3611111111111111
breakpoint_74,0.5146977056811137,F2_SLACK,18,0.7083333333333334,1.0,0.5277777777777778
breakpoint_74,0.5146977056811137,F3_BANKING,18,0.7916666666666666,0.6666666666666666,0.3611111111111111
breakpoint_74,0.5146977056811137,F4_EMAIL,18,0.8333333333333334,0.6666666666666666,0.3333333333333333
interval_74_75,0.5407690684931863,F1_CALENDAR,18,0.7916666666666666,0.6666666666666666,0.3611111111111111
interval_74_75,0.5407690684931863,F2_SLACK,18,0.7083333333333334,1.0,0.5277777777777778
interval_74_75,0.5407690684931863,F3_BANKING,18,0.7916666666666666,0.6666666666666666,0.3611111111111111
interval_74_75,0.5407690684931863,F4_EMAIL,18,0.8333333333333334,0.6666666666666666,0.3333333333333333
breakpoint_75,0.5668404313052589,F1_CALENDAR,18,0.8055555555555556,0.6666666666666666,0.35185185185185186
breakpoint_75,0.5668404313052589,F2_SLACK,18,0.7222222222222222,1.0,0.5185185185185185
breakpoint_75,0.5668404313052589,F3_BANKING,18,0.8055555555555556,0.6666666666666666,0.35185185185185186
breakpoint_75,0.5668404313052589,F4_EMAIL,18,0.8333333333333334,0.6666666666666666,0.3333333333333333
interval_75_76,0.5670363264926901,F1_CALENDAR,18,0.8055555555555556,0.6666666666666666,0.35185185185185186
interval_75_76,0.5670363264926901,F2_SLACK,18,0.7222222222222222,1.0,0.5185185185185185
interval_75_76,0.5670363264926901,F3_BANKING,18,0.8055555555555556,0.6666666666666666,0.35185185185185186
interval_75_76,0.5670363264926901,F4_EMAIL,18,0.8333333333333334,0.6666666666666666,0.3333333333333333
breakpoint_76,0.5672322216801212,F1_CALENDAR,18,0.8194444444444444,0.6666666666666666,0.3425925925925926
breakpoint_76,0.5672322216801212,F2_SLACK,18,0.7361111111111112,1.0,0.5092592592592593
breakpoint_76,0.5672322216801212,F3_BANKING,18,0.8194444444444444,0.6666666666666666,0.3425925925925926
breakpoint_76,0.5672322216801212,F4_EMAIL,18,0.8333333333333334,0.6666666666666666,0.3333333333333333
interval_76_77,0.5729321864728149,F1_CALENDAR,18,0.8194444444444444,0.6666666666666666,0.3425925925925926
interval_76_77,0.5729321864728149,F2_SLACK,18,0.7361111111111112,1.0,0.5092592592592593
interval_76_77,0.5729321864728149,F3_BANKING,18,0.8194444444444444,0.6666666666666666,0.3425925925925926
interval_76_77,0.5729321864728149,F4_EMAIL,18,0.8333333333333334,0.6666666666666666,0.3333333333333333
breakpoint_77,0.5786321512655085,F1_CALENDAR,18,0.8333333333333334,0.6666666666666666,0.3333333333333333
breakpoint_77,0.5786321512655085,F2_SLACK,18,0.75,1.0,0.5
breakpoint_77,0.5786321512655085,F3_BANKING,18,0.8333333333333334,0.6666666666666666,0.3333333333333333
breakpoint_77,0.5786321512655085,F4_EMAIL,18,0.8333333333333334,0.6666666666666666,0.3333333333333333
interval_77_78,0.7584250991308495,F1_CALENDAR,18,0.8333333333333334,0.6666666666666666,0.3333333333333333
interval_77_78,0.7584250991308495,F2_SLACK,18,0.75,1.0,0.5
interval_77_78,0.7584250991308495,F3_BANKING,18,0.8333333333333334,0.6666666666666666,0.3333333333333333
interval_77_78,0.7584250991308495,F4_EMAIL,18,0.8333333333333334,0.6666666666666666,0.3333333333333333
breakpoint_78,0.9382180469961906,F1_CALENDAR,18,0.8472222222222222,0.6111111111111112,0.3055555555555556
breakpoint_78,0.9382180469961906,F2_SLACK,18,0.7638888888888888,0.9444444444444444,0.4722222222222222
breakpoint_78,0.9382180469961906,F3_BANKING,18,0.8333333333333334,0.6666666666666666,0.3333333333333333
breakpoint_78,0.9382180469961906,F4_EMAIL,18,0.8472222222222222,0.6111111111111112,0.3055555555555556
interval_78_79,0.9958987652314983,F1_CALENDAR,18,0.8472222222222222,0.6111111111111112,0.3055555555555556
interval_78_79,0.9958987652314983,F2_SLACK,18,0.7638888888888888,0.9444444444444444,0.4722222222222222
interval_78_79,0.9958987652314983,F3_BANKING,18,0.8333333333333334,0.6666666666666666,0.3333333333333333
interval_78_79,0.9958987652314983,F4_EMAIL,18,0.8472222222222222,0.6111111111111112,0.3055555555555556
breakpoint_79,1.0535794834668062,F1_CALENDAR,18,0.8611111111111112,0.5555555555555556,0.2777777777777778
breakpoint_79,1.0535794834668062,F2_SLACK,18,0.7777777777777778,0.8888888888888888,0.4444444444444444
breakpoint_79,1.0535794834668062,F3_BANKING,18,0.8333333333333334,0.6666666666666666,0.3333333333333333
breakpoint_79,1.0535794834668062,F4_EMAIL,18,0.8611111111111112,0.5555555555555556,0.2777777777777778
interval_79_80,1.063763950696751,F1_CALENDAR,18,0.8611111111111112,0.5555555555555556,0.2777777777777778
interval_79_80,1.063763950696751,F2_SLACK,18,0.7777777777777778,0.8888888888888888,0.4444444444444444
interval_79_80,1.063763950696751,F3_BANKING,18,0.8333333333333334,0.6666666666666666,0.3333333333333333
interval_79_80,1.063763950696751,F4_EMAIL,18,0.8611111111111112,0.5555555555555556,0.2777777777777778
breakpoint_80,1.0739484179266956,F1_CALENDAR,18,0.875,0.5,0.25
breakpoint_80,1.0739484179266956,F2_SLACK,18,0.7916666666666666,0.8333333333333334,0.4166666666666667
breakpoint_80,1.0739484179266956,F3_BANKING,18,0.8333333333333334,0.6666666666666666,0.3333333333333333
breakpoint_80,1.0739484179266956,F4_EMAIL,18,0.875,0.5,0.25
interval_80_81,1.11116587878633,F1_CALENDAR,18,0.875,0.5,0.25
interval_80_81,1.11116587878633,F2_SLACK,18,0.7916666666666666,0.8333333333333334,0.4166666666666667
interval_80_81,1.11116587878633,F3_BANKING,18,0.8333333333333334,0.6666666666666666,0.3333333333333333
interval_80_81,1.11116587878633,F4_EMAIL,18,0.875,0.5,0.25
breakpoint_81,1.1483833396459648,F1_CALENDAR,18,0.8888888888888888,0.4444444444444444,0.2222222222222222
breakpoint_81,1.1483833396459648,F2_SLACK,18,0.8055555555555556,0.7777777777777778,0.3888888888888889
breakpoint_81,1.1483833396459648,F3_BANKING,18,0.8333333333333334,0.6666666666666666,0.3333333333333333
breakpoint_81,1.1483833396459648,F4_EMAIL,18,0.8888888888888888,0.4444444444444444,0.2222222222222222
interval_81_82,1.1981457129844366,F1_CALENDAR,18,0.8888888888888888,0.4444444444444444,0.2222222222222222
interval_81_82,1.1981457129844366,F2_SLACK,18,0.8055555555555556,0.7777777777777778,0.3888888888888889
interval_81_82,1.1981457129844366,F3_BANKING,18,0.8333333333333334,0.6666666666666666,0.3333333333333333
interval_81_82,1.1981457129844366,F4_EMAIL,18,0.8888888888888888,0.4444444444444444,0.2222222222222222
breakpoint_82,1.2479080863229082,F1_CALENDAR,18,0.9027777777777778,0.3888888888888889,0.19444444444444445
breakpoint_82,1.2479080863229082,F2_SLACK,18,0.8194444444444444,0.7222222222222222,0.3611111111111111
breakpoint_82,1.2479080863229082,F3_BANKING,18,0.8333333333333334,0.6666666666666666,0.3333333333333333
breakpoint_82,1.2479080863229082,F4_EMAIL,18,0.9027777777777778,0.3888888888888889,0.19444444444444445
interval_82_83,1.268056293340036,F1_CALENDAR,18,0.9027777777777778,0.3888888888888889,0.19444444444444445
interval_82_83,1.268056293340036,F2_SLACK,18,0.8194444444444444,0.7222222222222222,0.3611111111111111
interval_82_83,1.268056293340036,F3_BANKING,18,0.8333333333333334,0.6666666666666666,0.3333333333333333
interval_82_83,1.268056293340036,F4_EMAIL,18,0.9027777777777778,0.3888888888888889,0.19444444444444445
breakpoint_83,1.2882045003571638,F1_CALENDAR,18,0.9166666666666666,0.3333333333333333,0.16666666666666666
breakpoint_83,1.2882045003571638,F2_SLACK,18,0.8333333333333334,0.6666666666666666,0.3333333333333333
breakpoint_83,1.2882045003571638,F3_BANKING,18,0.8333333333333334,0.6666666666666666,0.3333333333333333
breakpoint_83,1.2882045003571638,F4_EMAIL,18,0.9166666666666666,0.3333333333333333,0.16666666666666666
interval_83_84,1.3207404421919833,F1_CALENDAR,18,0.9166666666666666,0.3333333333333333,0.16666666666666666
interval_83_84,1.3207404421919833,F2_SLACK,18,0.8333333333333334,0.6666666666666666,0.3333333333333333
interval_83_84,1.3207404421919833,F3_BANKING,18,0.8333333333333334,0.6666666666666666,0.3333333333333333
interval_83_84,1.3207404421919833,F4_EMAIL,18,0.9166666666666666,0.3333333333333333,0.16666666666666666
breakpoint_84,1.3532763840268025,F1_CALENDAR,18,0.9305555555555556,0.2777777777777778,0.1388888888888889
breakpoint_84,1.3532763840268025,F2_SLACK,18,0.8472222222222222,0.6111111111111112,0.3055555555555556
breakpoint_84,1.3532763840268025,F3_BANKING,18,0.8472222222222222,0.6111111111111112,0.3055555555555556
breakpoint_84,1.3532763840268025,F4_EMAIL,18,0.9166666666666666,0.3333333333333333,0.16666666666666666
interval_84_85,1.385862023615716,F1_CALENDAR,18,0.9305555555555556,0.2777777777777778,0.1388888888888889
interval_84_85,1.385862023615716,F2_SLACK,18,0.8472222222222222,0.6111111111111112,0.3055555555555556
interval_84_85,1.385862023615716,F3_BANKING,18,0.8472222222222222,0.6111111111111112,0.3055555555555556
interval_84_85,1.385862023615716,F4_EMAIL,18,0.9166666666666666,0.3333333333333333,0.16666666666666666
breakpoint_85,1.4184476632046297,F1_CALENDAR,18,0.9444444444444444,0.2222222222222222,0.1111111111111111
breakpoint_85,1.4184476632046297,F2_SLACK,18,0.8611111111111112,0.5555555555555556,0.2777777777777778
breakpoint_85,1.4184476632046297,F3_BANKING,18,0.8611111111111112,0.5555555555555556,0.2777777777777778
breakpoint_85,1.4184476632046297,F4_EMAIL,18,0.9166666666666666,0.3333333333333333,0.16666666666666666
interval_85_86,1.4203838207588875,F1_CALENDAR,18,0.9444444444444444,0.2222222222222222,0.1111111111111111
interval_85_86,1.4203838207588875,F2_SLACK,18,0.8611111111111112,0.5555555555555556,0.2777777777777778
interval_85_86,1.4203838207588875,F3_BANKING,18,0.8611111111111112,0.5555555555555556,0.2777777777777778
interval_85_86,1.4203838207588875,F4_EMAIL,18,0.9166666666666666,0.3333333333333333,0.16666666666666666
breakpoint_86,1.4223199783131453,F1_CALENDAR,18,0.9444444444444444,0.2222222222222222,0.1111111111111111
breakpoint_86,1.4223199783131453,F2_SLACK,18,0.875,0.5,0.25
breakpoint_86,1.4223199783131453,F3_BANKING,18,0.875,0.5,0.25
breakpoint_86,1.4223199783131453,F4_EMAIL,18,0.9305555555555556,0.2777777777777778,0.1388888888888889
interval_86_87,1.4410316062652577,F1_CALENDAR,18,0.9444444444444444,0.2222222222222222,0.1111111111111111
interval_86_87,1.4410316062652577,F2_SLACK,18,0.875,0.5,0.25
interval_86_87,1.4410316062652577,F3_BANKING,18,0.875,0.5,0.25
interval_86_87,1.4410316062652577,F4_EMAIL,18,0.9305555555555556,0.2777777777777778,0.1388888888888889
breakpoint_87,1.4597432342173704,F1_CALENDAR,18,0.9583333333333334,0.16666666666666666,0.08333333333333333
breakpoint_87,1.4597432342173704,F2_SLACK,18,0.8888888888888888,0.4444444444444444,0.2222222222222222
breakpoint_87,1.4597432342173704,F3_BANKING,18,0.8888888888888888,0.4444444444444444,0.2222222222222222
breakpoint_87,1.4597432342173704,F4_EMAIL,18,0.9305555555555556,0.2777777777777778,0.1388888888888889
interval_87_88,1.4597494070887458,F1_CALENDAR,18,0.9583333333333334,0.16666666666666666,0.08333333333333333
interval_87_88,1.4597494070887458,F2_SLACK,18,0.8888888888888888,0.4444444444444444,0.2222222222222222
interval_87_88,1.4597494070887458,F3_BANKING,18,0.8888888888888888,0.4444444444444444,0.2222222222222222
interval_87_88,1.4597494070887458,F4_EMAIL,18,0.9305555555555556,0.2777777777777778,0.1388888888888889
breakpoint_88,1.4597555799601214,F1_CALENDAR,18,0.9722222222222222,0.1111111111111111,0.05555555555555555
breakpoint_88,1.4597555799601214,F2_SLACK,18,0.9027777777777778,0.3888888888888889,0.19444444444444445
breakpoint_88,1.4597555799601214,F3_BANKING,18,0.9027777777777778,0.3888888888888889,0.19444444444444445
breakpoint_88,1.4597555799601214,F4_EMAIL,18,0.9305555555555556,0.2777777777777778,0.1388888888888889
interval_88_89,1.4620735098090212,F1_CALENDAR,18,0.9722222222222222,0.1111111111111111,0.05555555555555555
interval_88_89,1.4620735098090212,F2_SLACK,18,0.9027777777777778,0.3888888888888889,0.19444444444444445
interval_88_89,1.4620735098090212,F3_BANKING,18,0.9027777777777778,0.3888888888888889,0.19444444444444445
interval_88_89,1.4620735098090212,F4_EMAIL,18,0.9305555555555556,0.2777777777777778,0.1388888888888889
breakpoint_89,1.464391439657921,F1_CALENDAR,18,0.9722222222222222,0.1111111111111111,0.05555555555555555
breakpoint_89,1.464391439657921,F2_SLACK,18,0.9166666666666666,0.3333333333333333,0.16666666666666666
breakpoint_89,1.464391439657921,F3_BANKING,18,0.9166666666666666,0.3333333333333333,0.16666666666666666
breakpoint_89,1.464391439657921,F4_EMAIL,18,0.9444444444444444,0.2222222222222222,0.1111111111111111
interval_89_90,1.4696026066572567,F1_CALENDAR,18,0.9722222222222222,0.1111111111111111,0.05555555555555555
interval_89_90,1.4696026066572567,F2_SLACK,18,0.9166666666666666,0.3333333333333333,0.16666666666666666
interval_89_90,1.4696026066572567,F3_BANKING,18,0.9166666666666666,0.3333333333333333,0.16666666666666666
interval_89_90,1.4696026066572567,F4_EMAIL,18,0.9444444444444444,0.2222222222222222,0.1111111111111111
breakpoint_90,1.4748137736565925,F1_CALENDAR,18,0.9722222222222222,0.1111111111111111,0.05555555555555555
breakpoint_90,1.4748137736565925,F2_SLACK,18,0.9305555555555556,0.2777777777777778,0.1388888888888889
breakpoint_90,1.4748137736565925,F3_BANKING,18,0.9305555555555556,0.2777777777777778,0.1388888888888889
breakpoint_90,1.4748137736565925,F4_EMAIL,18,0.9583333333333334,0.16666666666666666,0.08333333333333333
interval_90_91,1.5083183440553452,F1_CALENDAR,18,0.9722222222222222,0.1111111111111111,0.05555555555555555
interval_90_91,1.5083183440553452,F2_SLACK,18,0.9305555555555556,0.2777777777777778,0.1388888888888889
interval_90_91,1.5083183440553452,F3_BANKING,18,0.9305555555555556,0.2777777777777778,0.1388888888888889
interval_90_91,1.5083183440553452,F4_EMAIL,18,0.9583333333333334,0.16666666666666666,0.08333333333333333
breakpoint_91,1.5418229144540976,F1_CALENDAR,18,0.9861111111111112,0.05555555555555555,0.027777777777777776
breakpoint_91,1.5418229144540976,F2_SLACK,18,0.9444444444444444,0.2222222222222222,0.1111111111111111
breakpoint_91,1.5418229144540976,F3_BANKING,18,0.9444444444444444,0.2222222222222222,0.1111111111111111
breakpoint_91,1.5418229144540976,F4_EMAIL,18,0.9583333333333334,0.16666666666666666,0.08333333333333333
interval_91_92,1.5502262979877681,F1_CALENDAR,18,0.9861111111111112,0.05555555555555555,0.027777777777777776
interval_91_92,1.5502262979877681,F2_SLACK,18,0.9444444444444444,0.2222222222222222,0.1111111111111111
interval_91_92,1.5502262979877681,F3_BANKING,18,0.9444444444444444,0.2222222222222222,0.1111111111111111
interval_91_92,1.5502262979877681,F4_EMAIL,18,0.9583333333333334,0.16666666666666666,0.08333333333333333
breakpoint_92,1.5586296815214384,F1_CALENDAR,18,0.9861111111111112,0.05555555555555555,0.027777777777777776
breakpoint_92,1.5586296815214384,F2_SLACK,18,0.9583333333333334,0.16666666666666666,0.08333333333333333
breakpoint_92,1.5586296815214384,F3_BANKING,18,0.9583333333333334,0.16666666666666666,0.08333333333333333
breakpoint_92,1.5586296815214384,F4_EMAIL,18,0.9722222222222222,0.1111111111111111,0.05555555555555555
interval_92_93,1.5619286886975408,F1_CALENDAR,18,0.9861111111111112,0.05555555555555555,0.027777777777777776
interval_92_93,1.5619286886975408,F2_SLACK,18,0.9583333333333334,0.16666666666666666,0.08333333333333333
interval_92_93,1.5619286886975408,F3_BANKING,18,0.9583333333333334,0.16666666666666666,0.08333333333333333
interval_92_93,1.5619286886975408,F4_EMAIL,18,0.9722222222222222,0.1111111111111111,0.05555555555555555
breakpoint_93,1.5652276958736433,F1_CALENDAR,18,1.0,0.0,0.0
breakpoint_93,1.5652276958736433,F2_SLACK,18,0.9722222222222222,0.1111111111111111,0.05555555555555555
breakpoint_93,1.5652276958736433,F3_BANKING,18,0.9722222222222222,0.1111111111111111,0.05555555555555555
breakpoint_93,1.5652276958736433,F4_EMAIL,18,0.9722222222222222,0.1111111111111111,0.05555555555555555
interval_93_94,1.5854499602400414,F1_CALENDAR,18,1.0,0.0,0.0
interval_93_94,1.5854499602400414,F2_SLACK,18,0.9722222222222222,0.1111111111111111,0.05555555555555555
interval_93_94,1.5854499602400414,F3_BANKING,18,0.9722222222222222,0.1111111111111111,0.05555555555555555
interval_93_94,1.5854499602400414,F4_EMAIL,18,0.9722222222222222,0.1111111111111111,0.05555555555555555
breakpoint_94,1.6056722246064397,F1_CALENDAR,18,1.0,0.0,0.0
breakpoint_94,1.6056722246064397,F2_SLACK,18,0.9861111111111112,0.05555555555555555,0.027777777777777776
breakpoint_94,1.6056722246064397,F3_BANKING,18,0.9861111111111112,0.05555555555555555,0.027777777777777776
breakpoint_94,1.6056722246064397,F4_EMAIL,18,0.9861111111111112,0.05555555555555555,0.027777777777777776
interval_94_95,1.625744715443555,F1_CALENDAR,18,1.0,0.0,0.0
interval_94_95,1.625744715443555,F2_SLACK,18,0.9861111111111112,0.05555555555555555,0.027777777777777776
interval_94_95,1.625744715443555,F3_BANKING,18,0.9861111111111112,0.05555555555555555,0.027777777777777776
interval_94_95,1.625744715443555,F4_EMAIL,18,0.9861111111111112,0.05555555555555555,0.027777777777777776
breakpoint_95,1.6458172062806702,F1_CALENDAR,18,1.0,0.0,0.0
breakpoint_95,1.6458172062806702,F2_SLACK,18,1.0,0.0,0.0
breakpoint_95,1.6458172062806702,F3_BANKING,18,1.0,0.0,0.0
breakpoint_95,1.6458172062806702,F4_EMAIL,18,1.0,0.0,0.0
above_max,1.6458172098282513,F1_CALENDAR,18,1.0,0.0,0.0
above_max,1.6458172098282513,F2_SLACK,18,1.0,0.0,0.0
above_max,1.6458172098282513,F3_BANKING,18,1.0,0.0,0.0
above_max,1.6458172098282513,F4_EMAIL,18,1.0,0.0,0.0
tau0,0.0,F1_CALENDAR,18,0.4861111111111111,0.7777777777777778,0.39814814814814814
tau0,0.0,F2_SLACK,18,0.2638888888888889,1.0,0.5092592592592593
tau0,0.0,F3_BANKING,18,0.4722222222222222,0.7777777777777778,0.3888888888888889
tau0,0.0,F4_EMAIL,18,0.4861111111111111,0.7777777777777778,0.39814814814814814
