threshold_label,tau,flag_n,flag_rate,aivr_class_n,aivr_class,aivr_pairwise_n,aivr_pairwise_total,aivr_pairwise,p1_sham_n,p1_sham_rate,p1_echo_n,p1_echo_rate,p3_user_n,p3_user_rate,p3_tool_n,p3_tool_rate
below_min,-1.1379819364466166,0,0.0,0,0.0,0,144,0.0,0,0.0,0,0.0,0,0.0,0,0.0
breakpoint_0,-1.1379819335862218,1,0.010416666666666666,1,0.041666666666666664,3,144,0.020833333333333332,0,0.0,1,0.041666666666666664,0,0.0,1,0.041666666666666664
interval_0_1,-1.108231637148364,1,0.010416666666666666,1,0.041666666666666664,3,144,0.020833333333333332,0,0.0,1,0.041666666666666664,0,0.0,1,0.041666666666666664
breakpoint_1,-1.0784813407105063,2,0.020833333333333332,2,0.08333333333333333,6,144,0.041666666666666664,0,0.0,2,0.08333333333333333,0,0.0,2,0.08333333333333333
interval_1_2,-1.0715456182144243,2,0.020833333333333332,2,0.08333333333333333,6,144,0.041666666666666664,0,0.0,2,0.08333333333333333,0,0.0,2,0.08333333333333333
breakpoint_2,-1.0646098957183423,3,0.03125,3,0.125,9,144,0.0625,0,0.0,3,0.125,0,0.0,3,0.125
interval_2_3,-1.0440727146018896,3,0.03125,3,0.125,9,144,0.0625,0,0.0,3,0.125,0,0.0,3,0.125
breakpoint_3,-1.023535533485437,4,0.041666666666666664,4,0.16666666666666666,12,144,0.08333333333333333,0,0.0,4,0.16666666666666666,0,0.0,4,0.16666666666666666
interval_3_4,-1.0159587078139656,4,0.041666666666666664,4,0.16666666666666666,12,144,0.08333333333333333,0,0.0,4,0.16666666666666666,0,0.0,4,0.16666666666666666
breakpoint_4,-1.0083818821424941,5,0.052083333333333336,5,0.20833333333333334,15,144,0.10416666666666667,0,0.0,5,0.20833333333333334,0,0.0,5,0.20833333333333334
interval_4_5,-0.9934732482734061,5,0.052083333333333336,5,0.20833333333333334,15,144,0.10416666666666667,0,0.0,5,0.20833333333333334,0,0.0,5,0.20833333333333334
breakpoint_5,-0.9785646144043182,6,0.0625,6,0.25,18,144,0.125,0,0.0,6,0.25,0,0.0,6,0.25
interval_5_6,-0.9703195765571256,6,0.0625,6,0.25,18,144,0.125,0,0.0,6,0.25,0,0.0,6,0.25
breakpoint_6,-0.9620745387099331,7,0.07291666666666667,7,0.2916666666666667,21,144,0.14583333333333334,0,0.0,7,0.2916666666666667,0,0.0,7,0.2916666666666667
interval_6_7,-0.95641439958996,7,0.07291666666666667,7,0.2916666666666667,21,144,0.14583333333333334,0,0.0,7,0.2916666666666667,0,0.0,7,0.2916666666666667
breakpoint_7,-0.9507542604699869,8,0.08333333333333333,8,0.3333333333333333,24,144,0.16666666666666666,0,0.0,8,0.3333333333333333,0,0.0,8,0.3333333333333333
interval_7_8,-0.9424652891398928,8,0.08333333333333333,8,0.3333333333333333,24,144,0.16666666666666666,0,0.0,8,0.3333333333333333,0,0.0,8,0.3333333333333333
breakpoint_8,-0.9341763178097986,9,0.09375,8,0.3333333333333333,25,144,0.1736111111111111,1,0.041666666666666664,8,0.3333333333333333,0,0.0,7,0.2916666666666667
interval_8_9,-0.933910331029834,9,0.09375,8,0.3333333333333333,25,144,0.1736111111111111,1,0.041666666666666664,8,0.3333333333333333,0,0.0,7,0.2916666666666667
breakpoint_9,-0.9336443442498694,10,0.10416666666666667,9,0.375,28,144,0.19444444444444445,2,0.08333333333333333,8,0.3333333333333333,0,0.0,8,0.3333333333333333
interval_9_10,-0.9295990545354702,10,0.10416666666666667,9,0.375,28,144,0.19444444444444445,2,0.08333333333333333,8,0.3333333333333333,0,0.0,8,0.3333333333333333
breakpoint_10,-0.9255537648210711,11,0.11458333333333333,9,0.375,29,144,0.2013888888888889,2,0.08333333333333333,9,0.375,0,0.0,7,0.2916666666666667
interval_10_11,-0.9172243186813465,11,0.11458333333333333,9,0.375,29,144,0.2013888888888889,2,0.08333333333333333,9,0.375,0,0.0,7,0.2916666666666667
breakpoint_11,-0.9088948725416218,12,0.125,10,0.4166666666666667,32,144,0.2222222222222222,2,0.08333333333333333,10,0.4166666666666667,0,0.0,8,0.3333333333333333
interval_11_12,-0.9001932559123609,12,0.125,10,0.4166666666666667,32,144,0.2222222222222222,2,0.08333333333333333,10,0.4166666666666667,0,0.0,8,0.3333333333333333
breakpoint_12,-0.8914916392830998,13,0.13541666666666666,11,0.4583333333333333,35,144,0.24305555555555555,2,0.08333333333333333,11,0.4583333333333333,0,0.0,9,0.375
interval_12_13,-0.8860232610142795,13,0.13541666666666666,11,0.4583333333333333,35,144,0.24305555555555555,2,0.08333333333333333,11,0.4583333333333333,0,0.0,9,0.375
breakpoint_13,-0.8805548827454591,14,0.14583333333333334,11,0.4583333333333333,36,144,0.25,3,0.125,11,0.4583333333333333,0,0.0,8,0.3333333333333333
interval_13_14,-0.8709135093819113,14,0.14583333333333334,11,0.4583333333333333,36,144,0.25,3,0.125,11,0.4583333333333333,0,0.0,8,0.3333333333333333
breakpoint_14,-0.8612721360183634,15,0.15625,12,0.5,39,144,0.2708333333333333,4,0.16666666666666666,11,0.4583333333333333,0,0.0,9,0.375
interval_14_15,-0.8600847940690313,15,0.15625,12,0.5,39,144,0.2708333333333333,4,0.16666666666666666,11,0.4583333333333333,0,0.0,9,0.375
breakpoint_15,-0.858897452119699,16,0.16666666666666666,12,0.5,40,144,0.2777777777777778,4,0.16666666666666666,12,0.5,0,0.0,8,0.3333333333333333
interval_15_16,-0.8586427179051166,16,0.16666666666666666,12,0.5,40,144,0.2777777777777778,4,0.16666666666666666,12,0.5,0,0.0,8,0.3333333333333333
breakpoint_16,-0.8583879836905342,17,0.17708333333333334,13,0.5416666666666666,43,144,0.2986111111111111,4,0.16666666666666666,13,0.5416666666666666,0,0.0,9,0.375
interval_16_17,-0.8510653241368666,17,0.17708333333333334,13,0.5416666666666666,43,144,0.2986111111111111,4,0.16666666666666666,13,0.5416666666666666,0,0.0,9,0.375
breakpoint_17,-0.843742664583199,18,0.1875,13,0.5416666666666666,44,144,0.3055555555555556,5,0.20833333333333334,13,0.5416666666666666,0,0.0,8,0.3333333333333333
interval_17_18,-0.840301073811554,18,0.1875,13,0.5416666666666666,44,144,0.3055555555555556,5,0.20833333333333334,13,0.5416666666666666,0,0.0,8,0.3333333333333333
breakpoint_18,-0.836859483039909,19,0.19791666666666666,14,0.5833333333333334,47,144,0.3263888888888889,5,0.20833333333333334,14,0.5833333333333334,0,0.0,9,0.375
interval_18_19,-0.8329398622223392,19,0.19791666666666666,14,0.5833333333333334,47,144,0.3263888888888889,5,0.20833333333333334,14,0.5833333333333334,0,0.0,9,0.375
breakpoint_19,-0.8290202414047693,20,0.20833333333333334,15,0.625,50,144,0.3472222222222222,5,0.20833333333333334,15,0.625,0,0.0,10,0.4166666666666667
interval_19_20,-0.8236979052998079,20,0.20833333333333334,15,0.625,50,144,0.3472222222222222,5,0.20833333333333334,15,0.625,0,0.0,10,0.4166666666666667
breakpoint_20,-0.8183755691948467,21,0.21875,16,0.6666666666666666,53,144,0.3680555555555556,5,0.20833333333333334,16,0.6666666666666666,0,0.0,11,0.4583333333333333
interval_20_21,-0.8151919517866508,21,0.21875,16,0.6666666666666666,53,144,0.3680555555555556,5,0.20833333333333334,16,0.6666666666666666,0,0.0,11,0.4583333333333333
breakpoint_21,-0.812008334378455,22,0.22916666666666666,17,0.7083333333333334,56,144,0.3888888888888889,5,0.20833333333333334,17,0.7083333333333334,0,0.0,12,0.5
interval_21_22,-0.801839523743331,22,0.22916666666666666,17,0.7083333333333334,56,144,0.3888888888888889,5,0.20833333333333334,17,0.7083333333333334,0,0.0,12,0.5
breakpoint_22,-0.791670713108207,23,0.23958333333333334,17,0.7083333333333334,57,144,0.3958333333333333,6,0.25,17,0.7083333333333334,0,0.0,11,0.4583333333333333
interval_22_23,-0.7789001569211296,23,0.23958333333333334,17,0.7083333333333334,57,144,0.3958333333333333,6,0.25,17,0.7083333333333334,0,0.0,11,0.4583333333333333
breakpoint_23,-0.7661296007340521,24,0.25,18,0.75,60,144,0.4166666666666667,6,0.25,18,0.75,0,0.0,12,0.5
interval_23_24,-0.7591625529017246,24,0.25,18,0.75,60,144,0.4166666666666667,6,0.25,18,0.75,0,0.0,12,0.5
breakpoint_24,-0.7521955050693971,25,0.2604166666666667,19,0.7916666666666666,63,144,0.4375,6,0.25,19,0.7916666666666666,0,0.0,13,0.5416666666666666
interval_24_25,-0.7426295898684974,25,0.2604166666666667,19,0.7916666666666666,63,144,0.4375,6,0.25,19,0.7916666666666666,0,0.0,13,0.5416666666666666
breakpoint_25,-0.7330636746675975,26,0.2708333333333333,20,0.8333333333333334,66,144,0.4583333333333333,6,0.25,20,0.8333333333333334,0,0.0,14,0.5833333333333334
interval_25_26,-0.7307492320542973,26,0.2708333333333333,20,0.8333333333333334,66,144,0.4583333333333333,6,0.25,20,0.8333333333333334,0,0.0,14,0.5833333333333334
breakpoint_26,-0.7284347894409972,27,0.28125,21,0.875,69,144,0.4791666666666667,6,0.25,21,0.875,0,0.0,15,0.625
interval_26_27,-0.7180162604072609,27,0.28125,21,0.875,69,144,0.4791666666666667,6,0.25,21,0.875,0,0.0,15,0.625
breakpoint_27,-0.7075977313735246,28,0.2916666666666667,22,0.9166666666666666,72,144,0.5,6,0.25,22,0.9166666666666666,0,0.0,16,0.6666666666666666
interval_27_28,-0.6966249178247554,28,0.2916666666666667,22,0.9166666666666666,72,144,0.5,6,0.25,22,0.9166666666666666,0,0.0,16,0.6666666666666666
breakpoint_28,-0.6856521042759863,29,0.3020833333333333,23,0.9583333333333334,75,144,0.5208333333333334,6,0.25,23,0.9583333333333334,0,0.0,17,0.7083333333333334
interval_28_29,-0.6704799661700038,29,0.3020833333333333,23,0.9583333333333334,75,144,0.5208333333333334,6,0.25,23,0.9583333333333334,0,0.0,17,0.7083333333333334
breakpoint_29,-0.6553078280640213,30,0.3125,24,1.0,78,144,0.5416666666666666,6,0.25,24,1.0,0,0.0,18,0.75
interval_29_30,-0.4487084940778573,30,0.3125,24,1.0,78,144,0.5416666666666666,6,0.25,24,1.0,0,0.0,18,0.75
breakpoint_30,-0.24210916009169325,31,0.3229166666666667,24,1.0,77,144,0.5347222222222222,5,0.20833333333333334,24,1.0,1,0.041666666666666664,18,0.75
interval_30_31,-0.23537416507393816,31,0.3229166666666667,24,1.0,77,144,0.5347222222222222,5,0.20833333333333334,24,1.0,1,0.041666666666666664,18,0.75
breakpoint_31,-0.22863917005618306,32,0.3333333333333333,24,1.0,76,144,0.5277777777777778,4,0.16666666666666666,24,1.0,2,0.08333333333333333,18,0.75
interval_31_32,-0.22713325203844792,32,0.3333333333333333,24,1.0,76,144,0.5277777777777778,4,0.16666666666666666,24,1.0,2,0.08333333333333333,18,0.75
breakpoint_32,-0.2256273340207128,33,0.34375,24,1.0,75,144,0.5208333333333334,3,0.125,24,1.0,3,0.125,18,0.75
interval_32_33,-0.224655561267808,33,0.34375,24,1.0,75,144,0.5208333333333334,3,0.125,24,1.0,3,0.125,18,0.75
breakpoint_33,-0.2236837885149032,34,0.3541666666666667,24,1.0,74,144,0.5138888888888888,2,0.08333333333333333,24,1.0,4,0.16666666666666666,18,0.75
interval_33_34,-0.21861840353689305,34,0.3541666666666667,24,1.0,74,144,0.5138888888888888,2,0.08333333333333333,24,1.0,4,0.16666666666666666,18,0.75
breakpoint_34,-0.21355301855888287,35,0.3645833333333333,24,1.0,73,144,0.5069444444444444,1,0.041666666666666664,24,1.0,5,0.20833333333333334,18,0.75
interval_34_35,-0.2111599118335354,35,0.3645833333333333,24,1.0,73,144,0.5069444444444444,1,0.041666666666666664,24,1.0,5,0.20833333333333334,18,0.75
breakpoint_35,-0.20876680510818796,36,0.375,24,1.0,74,144,0.5138888888888888,2,0.08333333333333333,24,1.0,5,0.20833333333333334,17,0.7083333333333334
interval_35_36,-0.20245365438737847,36,0.375,24,1.0,74,144,0.5138888888888888,2,0.08333333333333333,24,1.0,5,0.20833333333333334,17,0.7083333333333334
breakpoint_36,-0.196140503666569,37,0.3854166666666667,24,1.0,73,144,0.5069444444444444,1,0.041666666666666664,24,1.0,6,0.25,17,0.7083333333333334
interval_36_37,-0.19253575635271905,37,0.3854166666666667,24,1.0,73,144,0.5069444444444444,1,0.041666666666666664,24,1.0,6,0.25,17,0.7083333333333334
breakpoint_37,-0.1889310090388691,38,0.3958333333333333,24,1.0,74,144,0.5138888888888888,2,0.08333333333333333,24,1.0,6,0.25,16,0.6666666666666666
interval_37_38,-0.18693973694271993,38,0.3958333333333333,24,1.0,74,144,0.5138888888888888,2,0.08333333333333333,24,1.0,6,0.25,16,0.6666666666666666
breakpoint_38,-0.18494846484657074,39,0.40625,23,0.9583333333333334,71,144,0.4930555555555556,2,0.08333333333333333,23,0.9583333333333334,5,0.20833333333333334,16,0.6666666666666666
interval_38_39,-0.17855802994139186,39,0.40625,23,0.9583333333333334,71,144,0.4930555555555556,2,0.08333333333333333,23,0.9583333333333334,5,0.20833333333333334,16,0.6666666666666666
breakpoint_39,-0.17216759503621296,40,0.4166666666666667,22,0.9166666666666666,68,144,0.4722222222222222,2,0.08333333333333333,22,0.9166666666666666,4,0.16666666666666666,16,0.6666666666666666
interval_39_40,-0.1620989741199404,40,0.4166666666666667,22,0.9166666666666666,68,144,0.4722222222222222,2,0.08333333333333333,22,0.9166666666666666,4,0.16666666666666666,16,0.6666666666666666
breakpoint_40,-0.1520303532036678,41,0.4270833333333333,21,0.875,65,144,0.4513888888888889,2,0.08333333333333333,21,0.875,3,0.125,16,0.6666666666666666
interval_40_41,-0.15154213298653668,41,0.4270833333333333,21,0.875,65,144,0.4513888888888889,2,0.08333333333333333,21,0.875,3,0.125,16,0.6666666666666666
breakpoint_41,-0.15105391276940558,42,0.4375,21,0.875,66,144,0.4583333333333333,3,0.125,21,0.875,3,0.125,15,0.625
interval_41_42,-0.14802354074622637,42,0.4375,21,0.875,66,144,0.4583333333333333,3,0.125,21,0.875,3,0.125,15,0.625
breakpoint_42,-0.14499316872304718,43,0.4479166666666667,20,0.8333333333333334,63,144,0.4375,3,0.125,20,0.8333333333333334,2,0.08333333333333333,15,0.625
interval_42_43,-0.14053618301410922,43,0.4479166666666667,20,0.8333333333333334,63,144,0.4375,3,0.125,20,0.8333333333333334,2,0.08333333333333333,15,0.625
breakpoint_43,-0.13607919730517126,44,0.4583333333333333,19,0.7916666666666666,60,144,0.4166666666666667,3,0.125,19,0.7916666666666666,1,0.041666666666666664,15,0.625
interval_43_44,-0.12273311667249245,44,0.4583333333333333,19,0.7916666666666666,60,144,0.4166666666666667,3,0.125,19,0.7916666666666666,1,0.041666666666666664,15,0.625
breakpoint_44,-0.10938703603981363,45,0.46875,18,0.75,57,144,0.3958333333333333,3,0.125,18,0.75,0,0.0,15,0.625
interval_44_45,-0.09619562328107345,45,0.46875,18,0.75,57,144,0.3958333333333333,3,0.125,18,0.75,0,0.0,15,0.625
breakpoint_45,-0.08300421052233327,46,0.4791666666666667,18,0.75,58,144,0.4027777777777778,3,0.125,17,0.7083333333333334,1,0.041666666666666664,15,0.625
interval_45_46,-0.07487064779889949,46,0.4791666666666667,18,0.75,58,144,0.4027777777777778,3,0.125,17,0.7083333333333334,1,0.041666666666666664,15,0.625
breakpoint_46,-0.06673708507546572,47,0.4895833333333333,18,0.75,59,144,0.4097222222222222,3,0.125,16,0.6666666666666666,2,0.08333333333333333,15,0.625
interval_46_47,-0.059249791998626636,47,0.4895833333333333,18,0.75,59,144,0.4097222222222222,3,0.125,16,0.6666666666666666,2,0.08333333333333333,15,0.625
breakpoint_47,-0.05176249892178756,48,0.5,18,0.75,60,144,0.4166666666666667,4,0.16666666666666666,16,0.6666666666666666,2,0.08333333333333333,14,0.5833333333333334
interval_47_48,-0.04743858032015262,48,0.5,18,0.75,60,144,0.4166666666666667,4,0.16666666666666666,16,0.6666666666666666,2,0.08333333333333333,14,0.5833333333333334
breakpoint_48,-0.04311466171851769,49,0.5104166666666666,18,0.75,61,144,0.4236111111111111,5,0.20833333333333334,16,0.6666666666666666,2,0.08333333333333333,13,0.5416666666666666
interval_48_49,-0.03732132943692905,49,0.5104166666666666,18,0.75,61,144,0.4236111111111111,5,0.20833333333333334,16,0.6666666666666666,2,0.08333333333333333,13,0.5416666666666666
breakpoint_49,-0.031527997155340416,50,0.5208333333333334,18,0.75,62,144,0.4305555555555556,5,0.20833333333333334,15,0.625,3,0.125,13,0.5416666666666666
interval_49_50,-0.02194939654030639,50,0.5208333333333334,18,0.75,62,144,0.4305555555555556,5,0.20833333333333334,15,0.625,3,0.125,13,0.5416666666666666
breakpoint_50,-0.012370795925272361,51,0.53125,18,0.75,63,144,0.4375,6,0.25,15,0.625,3,0.125,12,0.5
interval_50_51,-0.00760691363135815,51,0.53125,18,0.75,63,144,0.4375,6,0.25,15,0.625,3,0.125,12,0.5
breakpoint_51,-0.002843031337443938,52,0.5416666666666666,18,0.75,64,144,0.4444444444444444,6,0.25,14,0.5833333333333334,4,0.16666666666666666,12,0.5
interval_51_52,-0.0025846146885993744,52,0.5416666666666666,18,0.75,64,144,0.4444444444444444,6,0.25,14,0.5833333333333334,4,0.16666666666666666,12,0.5
breakpoint_52,-0.002326198039754811,53,0.5520833333333334,18,0.75,65,144,0.4513888888888889,6,0.25,13,0.5416666666666666,5,0.20833333333333334,12,0.5
interval_52_53,0.005805543849896938,53,0.5520833333333334,18,0.75,65,144,0.4513888888888889,6,0.25,13,0.5416666666666666,5,0.20833333333333334,12,0.5
breakpoint_53,0.013937285739548687,54,0.5625,18,0.75,66,144,0.4583333333333333,7,0.2916666666666667,13,0.5416666666666666,5,0.20833333333333334,11,0.4583333333333333
interval_53_54,0.022178117314166145,54,0.5625,18,0.75,66,144,0.4583333333333333,7,0.2916666666666667,13,0.5416666666666666,5,0.20833333333333334,11,0.4583333333333333
breakpoint_54,0.030418948888783603,55,0.5729166666666666,18,0.75,67,144,0.4652777777777778,7,0.2916666666666667,12,0.5,6,0.25,11,0.4583333333333333
interval_54_55,0.035301559458688465,55,0.5729166666666666,18,0.75,67,144,0.4652777777777778,7,0.2916666666666667,12,0.5,6,0.25,11,0.4583333333333333
breakpoint_55,0.04018417002859333,56,0.5833333333333334,18,0.75,68,144,0.4722222222222222,8,0.3333333333333333,12,0.5,6,0.25,10,0.4166666666666667
interval_55_56,0.06917773453117636,56,0.5833333333333334,18,0.75,68,144,0.4722222222222222,8,0.3333333333333333,12,0.5,6,0.25,10,0.4166666666666667
breakpoint_56,0.09817129903375939,57,0.59375,18,0.75,69,144,0.4791666666666667,9,0.375,12,0.5,6,0.25,9,0.375
interval_56_57,0.11690411515563262,57,0.59375,18,0.75,69,144,0.4791666666666667,9,0.375,12,0.5,6,0.25,9,0.375
breakpoint_57,0.13563693127750587,58,0.6041666666666666,18,0.75,70,144,0.4861111111111111,10,0.4166666666666667,12,0.5,6,0.25,8,0.3333333333333333
interval_57_58,0.15713488113939894,58,0.6041666666666666,18,0.75,70,144,0.4861111111111111,10,0.4166666666666667,12,0.5,6,0.25,8,0.3333333333333333
breakpoint_58,0.17863283100129204,59,0.6145833333333334,18,0.75,69,144,0.4791666666666667,10,0.4166666666666667,11,0.4583333333333333,7,0.2916666666666667,8,0.3333333333333333
interval_58_59,0.20755687376298598,59,0.6145833333333334,18,0.75,69,144,0.4791666666666667,10,0.4166666666666667,11,0.4583333333333333,7,0.2916666666666667,8,0.3333333333333333
breakpoint_59,0.23648091652467995,60,0.625,18,0.75,68,144,0.4722222222222222,11,0.4583333333333333,11,0.4583333333333333,7,0.2916666666666667,7,0.2916666666666667
interval_59_60,0.24024253388882272,60,0.625,18,0.75,68,144,0.4722222222222222,11,0.4583333333333333,11,0.4583333333333333,7,0.2916666666666667,7,0.2916666666666667
breakpoint_60,0.24400415125296546,61,0.6354166666666666,18,0.75,67,144,0.4652777777777778,11,0.4583333333333333,10,0.4166666666666667,8,0.3333333333333333,7,0.2916666666666667
interval_60_61,0.24734289668891613,61,0.6354166666666666,18,0.75,67,144,0.4652777777777778,11,0.4583333333333333,10,0.4166666666666667,8,0.3333333333333333,7,0.2916666666666667
breakpoint_61,0.25068164212486677,62,0.6458333333333334,18,0.75,68,144,0.4722222222222222,12,0.5,10,0.4166666666666667,8,0.3333333333333333,6,0.25
interval_61_62,0.2625256562118964,62,0.6458333333333334,18,0.75,68,144,0.4722222222222222,12,0.5,10,0.4166666666666667,8,0.3333333333333333,6,0.25
breakpoint_62,0.27436967029892606,63,0.65625,18,0.75,67,144,0.4652777777777778,12,0.5,9,0.375,9,0.375,6,0.25
interval_62_63,0.2772972359175434,63,0.65625,18,0.75,67,144,0.4652777777777778,12,0.5,9,0.375,9,0.375,6,0.25
breakpoint_63,0.28022480153616075,64,0.6666666666666666,18,0.75,68,144,0.4722222222222222,12,0.5,8,0.3333333333333333,10,0.4166666666666667,6,0.25
interval_63_64,0.28099074196531626,64,0.6666666666666666,18,0.75,68,144,0.4722222222222222,12,0.5,8,0.3333333333333333,10,0.4166666666666667,6,0.25
breakpoint_64,0.2817566823944717,65,0.6770833333333334,18,0.75,67,144,0.4652777777777778,12,0.5,7,0.2916666666666667,11,0.4583333333333333,6,0.25
interval_64_65,0.28190444189458014,65,0.6770833333333334,18,0.75,67,144,0.4652777777777778,12,0.5,7,0.2916666666666667,11,0.4583333333333333,6,0.25
breakpoint_65,0.28205220139468856,66,0.6875,18,0.75,66,144,0.4583333333333333,13,0.5416666666666666,7,0.2916666666666667,11,0.4583333333333333,5,0.20833333333333334
interval_65_66,0.28585474765833047,66,0.6875,18,0.75,66,144,0.4583333333333333,13,0.5416666666666666,7,0.2916666666666667,11,0.4583333333333333,5,0.20833333333333334
breakpoint_66,0.28965729392197237,67,0.6979166666666666,18,0.75,65,144,0.4513888888888889,13,0.5416666666666666,6,0.25,12,0.5,5,0.20833333333333334
interval_66_67,0.3189167060012488,67,0.6979166666666666,18,0.75,65,144,0.4513888888888889,13,0.5416666666666666,6,0.25,12,0.5,5,0.20833333333333334
breakpoint_67,0.3481761180805251,68,0.7083333333333334,18,0.75,64,144,0.4444444444444444,13,0.5416666666666666,5,0.20833333333333334,13,0.5416666666666666,5,0.20833333333333334
interval_67_68,0.36226821565436673,68,0.7083333333333334,18,0.75,64,144,0.4444444444444444,13,0.5416666666666666,5,0.20833333333333334,13,0.5416666666666666,5,0.20833333333333334
breakpoint_68,0.3763603132282084,69,0.71875,18,0.75,63,144,0.4375,13,0.5416666666666666,4,0.16666666666666666,14,0.5833333333333334,5,0.20833333333333334
interval_68_69,0.38910050673902075,69,0.71875,18,0.75,63,144,0.4375,13,0.5416666666666666,4,0.16666666666666666,14,0.5833333333333334,5,0.20833333333333334
breakpoint_69,0.40184070024983304,70,0.7291666666666666,18,0.75,62,144,0.4305555555555556,13,0.5416666666666666,3,0.125,15,0.625,5,0.20833333333333334
interval_69_70,0.40269782139957827,70,0.7291666666666666,18,0.75,62,144,0.4305555555555556,13,0.5416666666666666,3,0.125,15,0.625,5,0.20833333333333334
breakpoint_70,0.4035549425493235,71,0.7395833333333334,18,0.75,61,144,0.4236111111111111,13,0.5416666666666666,2,0.08333333333333333,16,0.6666666666666666,5,0.20833333333333334
interval_70_71,0.41010420739032893,71,0.7395833333333334,18,0.75,61,144,0.4236111111111111,13,0.5416666666666666,2,0.08333333333333333,16,0.6666666666666666,5,0.20833333333333334
breakpoint_71,0.41665347223133437,72,0.75,18,0.75,60,144,0.4166666666666667,14,0.5833333333333334,2,0.08333333333333333,16,0.6666666666666666,4,0.16666666666666666
interval_71_72,0.4172878513522358,72,0.75,18,0.75,60,144,0.4166666666666667,14,0.5833333333333334,2,0.08333333333333333,16,0.6666666666666666,4,0.16666666666666666
breakpoint_72,0.41792223047313726,73,0.7604166666666666,18,0.75,59,144,0.4097222222222222,15,0.625,2,0.08333333333333333,16,0.6666666666666666,3,0.125
interval_72_73,0.4440240894657609,73,0.7604166666666666,18,0.75,59,144,0.4097222222222222,15,0.625,2,0.08333333333333333,16,0.6666666666666666,3,0.125
breakpoint_73,0.4701259484583845,74,0.7708333333333334,18,0.75,58,144,0.4027777777777778,15,0.625,1,0.041666666666666664,17,0.7083333333333334,3,0.125
interval_73_74,0.4798957156644311,74,0.7708333333333334,18,0.75,58,144,0.4027777777777778,15,0.625,1,0.041666666666666664,17,0.7083333333333334,3,0.125
breakpoint_74,0.48966548287047773,75,0.78125,18,0.75,57,144,0.3958333333333333,15,0.625,0,0.0,18,0.75,3,0.125
interval_74_75,0.5285202967631555,75,0.78125,18,0.75,57,144,0.3958333333333333,15,0.625,0,0.0,18,0.75,3,0.125
breakpoint_75,0.5673751106558332,76,0.7916666666666666,18,0.75,56,144,0.3888888888888889,16,0.6666666666666666,0,0.0,18,0.75,2,0.08333333333333333
interval_75_76,0.5875645327603195,76,0.7916666666666666,18,0.75,56,144,0.3888888888888889,16,0.6666666666666666,0,0.0,18,0.75,2,0.08333333333333333
breakpoint_76,0.6077539548648058,77,0.8020833333333334,18,0.75,55,144,0.3819444444444444,17,0.7083333333333334,0,0.0,18,0.75,1,0.041666666666666664
interval_76_77,0.6238015384198565,77,0.8020833333333334,18,0.75,55,144,0.3819444444444444,17,0.7083333333333334,0,0.0,18,0.75,1,0.041666666666666664
breakpoint_77,0.6398491219749074,78,0.8125,18,0.75,54,144,0.375,18,0.75,0,0.0,18,0.75,0,0.0
interval_77_78,0.8139301692448978,78,0.8125,18,0.75,54,144,0.375,18,0.75,0,0.0,18,0.75,0,0.0
breakpoint_78,0.9880112165148882,79,0.8229166666666666,17,0.7083333333333334,51,144,0.3541666666666667,17,0.7083333333333334,0,0.0,17,0.7083333333333334,0,0.0
interval_78_79,1.0218563320092333,79,0.8229166666666666,17,0.7083333333333334,51,144,0.3541666666666667,17,0.7083333333333334,0,0.0,17,0.7083333333333334,0,0.0
breakpoint_79,1.0557014475035784,80,0.8333333333333334,16,0.6666666666666666,48,144,0.3333333333333333,16,0.6666666666666666,0,0.0,16,0.6666666666666666,0,0.0
interval_79_80,1.083263815549182,80,0.8333333333333334,16,0.6666666666666666,48,144,0.3333333333333333,16,0.6666666666666666,0,0.0,16,0.6666666666666666,0,0.0
breakpoint_80,1.1108261835947857,81,0.84375,15,0.625,45,144,0.3125,15,0.625,0,0.0,15,0.625,0,0.0
interval_80_81,1.1150987522010567,81,0.84375,15,0.625,45,144,0.3125,15,0.625,0,0.0,15,0.625,0,0.0
breakpoint_81,1.119371320807328,82,0.8541666666666666,14,0.5833333333333334,42,144,0.2916666666666667,14,0.5833333333333334,0,0.0,14,0.5833333333333334,0,0.0
interval_81_82,1.1281360600852972,82,0.8541666666666666,14,0.5833333333333334,42,144,0.2916666666666667,14,0.5833333333333334,0,0.0,14,0.5833333333333334,0,0.0
breakpoint_82,1.1369007993632663,83,0.8645833333333334,13,0.5416666666666666,39,144,0.2708333333333333,13,0.5416666666666666,0,0.0,13,0.5416666666666666,0,0.0
interval_82_83,1.1413801099442429,83,0.8645833333333334,13,0.5416666666666666,39,144,0.2708333333333333,13,0.5416666666666666,0,0.0,13,0.5416666666666666,0,0.0
breakpoint_83,1.1458594205252193,84,0.875,12,0.5,36,144,0.25,12,0.5,0,0.0,12,0.5,0,0.0
interval_83_84,1.1493821867703589,84,0.875,12,0.5,36,144,0.25,12,0.5,0,0.0,12,0.5,0,0.0
breakpoint_84,1.1529049530154984,85,0.8854166666666666,11,0.4583333333333333,33,144,0.22916666666666666,11,0.4583333333333333,0,0.0,11,0.4583333333333333,0,0.0
interval_84_85,1.1571226897912608,85,0.8854166666666666,11,0.4583333333333333,33,144,0.22916666666666666,11,0.4583333333333333,0,0.0,11,0.4583333333333333,0,0.0
breakpoint_85,1.1613404265670233,86,0.8958333333333334,10,0.4166666666666667,30,144,0.20833333333333334,10,0.4166666666666667,0,0.0,10,0.4166666666666667,0,0.0
interval_85_86,1.2062030962158867,86,0.8958333333333334,10,0.4166666666666667,30,144,0.20833333333333334,10,0.4166666666666667,0,0.0,10,0.4166666666666667,0,0.0
breakpoint_86,1.2510657658647502,87,0.90625,9,0.375,27,144,0.1875,9,0.375,0,0.0,9,0.375,0,0.0
interval_86_87,1.2916788266540244,87,0.90625,9,0.375,27,144,0.1875,9,0.375,0,0.0,9,0.375,0,0.0
breakpoint_87,1.3322918874432987,88,0.9166666666666666,8,0.3333333333333333,24,144,0.16666666666666666,8,0.3333333333333333,0,0.0,8,0.3333333333333333,0,0.0
interval_87_88,1.37516221990288,88,0.9166666666666666,8,0.3333333333333333,24,144,0.16666666666666666,8,0.3333333333333333,0,0.0,8,0.3333333333333333,0,0.0
breakpoint_88,1.418032552362461,89,0.9270833333333334,7,0.2916666666666667,21,144,0.14583333333333334,7,0.2916666666666667,0,0.0,7,0.2916666666666667,0,0.0
interval_88_89,1.4333589163459557,89,0.9270833333333334,7,0.2916666666666667,21,144,0.14583333333333334,7,0.2916666666666667,0,0.0,7,0.2916666666666667,0,0.0
breakpoint_89,1.4486852803294503,90,0.9375,6,0.25,18,144,0.125,6,0.25,0,0.0,6,0.25,0,0.0
interval_89_90,1.4548350577138678,90,0.9375,6,0.25,18,144,0.125,6,0.25,0,0.0,6,0.25,0,0.0
breakpoint_90,1.4609848350982853,91,0.9479166666666666,5,0.20833333333333334,15,144,0.10416666666666667,5,0.20833333333333334,0,0.0,5,0.20833333333333334,0,0.0
interval_90_91,1.471276250054807,91,0.9479166666666666,5,0.20833333333333334,15,144,0.10416666666666667,5,0.20833333333333334,0,0.0,5,0.20833333333333334,0,0.0
breakpoint_91,1.481567665011329,92,0.9583333333333334,4,0.16666666666666666,12,144,0.08333333333333333,4,0.16666666666666666,0,0.0,4,0.16666666666666666,0,0.0
interval_91_92,1.487445224587134,92,0.9583333333333334,4,0.16666666666666666,12,144,0.08333333333333333,4,0.16666666666666666,0,0.0,4,0.16666666666666666,0,0.0
breakpoint_92,1.4933227841629388,93,0.96875,3,0.125,9,144,0.0625,3,0.125,0,0.0,3,0.125,0,0.0
interval_92_93,1.522895129833978,93,0.96875,3,0.125,9,144,0.0625,3,0.125,0,0.0,3,0.125,0,0.0
breakpoint_93,1.5524674755050167,94,0.9791666666666666,2,0.08333333333333333,6,144,0.041666666666666664,2,0.08333333333333333,0,0.0,2,0.08333333333333333,0,0.0
interval_93_94,1.6184541105194152,94,0.9791666666666666,2,0.08333333333333333,6,144,0.041666666666666664,2,0.08333333333333333,0,0.0,2,0.08333333333333333,0,0.0
breakpoint_94,1.6844407455338135,95,0.9895833333333334,1,0.041666666666666664,3,144,0.020833333333333332,1,0.041666666666666664,0,0.0,1,0.041666666666666664,0,0.0
interval_94_95,1.7034268290372072,95,0.9895833333333334,1,0.041666666666666664,3,144,0.020833333333333332,1,0.041666666666666664,0,0.0,1,0.041666666666666664,0,0.0
breakpoint_95,1.7224129125406007,96,1.0,0,0.0,0,144,0.0,0,0.0,0,0.0,0,0.0,0,0.0
above_max,1.7224129154009955,96,1.0,0,0.0,0,144,0.0,0,0.0,0,0.0,0,0.0,0,0.0
tau0,0.0,53,0.5520833333333334,18,0.75,65,144,0.4513888888888889,6,0.25,13,0.5416666666666666,5,0.20833333333333334,12,0.5
